ProductKey,ProductName,Category,Subcategory,product_status,cy2011_net_revenue,cy2012_net_revenue,revenue_change,revenue_growth_pct,cy2011_gross_profit,cy2012_gross_profit,gross_profit_change,gross_profit_growth_pct,cy2011_gross_margin_pct,cy2012_gross_margin_pct,gross_margin_change_ppt,price_effect,unit_cost_effect,volume_effect,mix_effect,growth_quality_tier
358,"Mountain-200 Black, 38",Bikes,Mountain Bikes,CONTINUING,77455.9107,997414.1066,919958.1959,1187.7185195887187,7789.8807,99496.3866,91706.5059,1177.2517376293067,0.1005718043929732,0.09975434069121476,-0.0008174637017584378,-906.5201999999999,0.0,1994.9638047753458,90618.06229522465,Tier 2 - Margin-dilutive growth
360,"Mountain-200 Black, 42",Bikes,Mountain Bikes,CONTINUING,74219.9756,896869.5725,822649.5969,1108.3937851631415,6765.5656,87416.6525,80651.0869,1192.081958380538,0.09115558911609235,0.09746863443736686,0.006313045321274514,6229.8653,0.0,1787.2105647586877,72634.01103524132,Tier 1 - High-quality growth
352,"Mountain-200 Silver, 38",Bikes,Mountain Bikes,CONTINUING,58936.8609,799611.0768,740674.2159,1256.7249164435902,5279.7777,79711.8772,74432.0995,1409.7582081912274,0.08958362592399284,0.09968831037084003,0.010104684446847185,8874.859725,0.0,1587.4478339734394,63969.79194102656,Tier 1 - High-quality growth
354,"Mountain-200 Silver, 42",Bikes,Mountain Bikes,CONTINUING,60899.7382,805890.7927,744991.0545,1223.3074829540071,6124.7991,80402.3136,74277.5145,1212.7338919573706,0.10057184613644202,0.09976824940588504,-0.0008035967305569705,-720.0255,0.0,1598.1018462819861,73399.43815371802,Tier 2 - Margin-dilutive growth
356,"Mountain-200 Silver, 46",Bikes,Mountain Bikes,CONTINUING,58414.0346,772725.7066,714311.672,1222.8425529778422,5874.8073,76301.4809,70426.6736,1198.7912114155642,0.10057184613644202,0.09874329305767139,-0.001828553078770621,-1570.9648,0.0,1534.1777724307067,70463.4606275693,Tier 2 - Margin-dilutive growth
362,"Mountain-200 Black, 46",Bikes,Mountain Bikes,CONTINUING,65161.3217,656271.2284,591109.9067,907.148429894417,6553.3917,64662.8784,58109.4867,886.7085832821499,0.1005718043929732,0.09853072266728675,-0.002041081725686451,-1489.2831,0.0,1283.8084831798622,58314.96131682014,Tier 2 - Margin-dilutive growth
308,"HL Mountain Frame - Silver, 38",Components,Mountain Frames,CONTINUING,21583.9083,267938.172,246354.2637,1141.3793103448277,2417.3965,30009.06,27591.6635,1141.3793103448277,0.11199994303163344,0.11199994303163344,0.0,0.0,0.0,881.619518532229,26710.04398146777,Tier 1 - High-quality growth
421,HL Mountain Rear Wheel,Components,Wheels,CONTINUING,8834.805,111134.4853,102299.6803,1157.9166750143324,2297.0475,28613.4573,26316.4098,1145.6624122923013,0.2599997962603589,0.25746695296927785,-0.0025328432910810424,-380.3867,0.0,1393.0121093424646,25303.784390657536,Tier 2 - Margin-dilutive growth
297,"HL Mountain Frame - Black, 42",Components,Mountain Frames,CONTINUING,26501.238,259123.216,232621.978,877.7777777777778,2968.1424,29021.8368,26053.6944,877.7777777777778,0.11200014127641886,0.11200014127641886,0.0,0.0,0.0,841.6669723751793,25212.02742762482,Tier 1 - High-quality growth
365,"Mountain-300 Black, 40",Bikes,Mountain Bikes,CONTINUING,24248.3675,354281.6476,330033.2801,1361.0536053612682,1507.8223,26339.0484,24831.2261,1646.8270896378174,0.062182425270484704,0.07434494159781592,0.012162516327331214,4594.663652631579,0.0,1358.386569339688,18878.175878028735,Tier 1 - High-quality growth
366,"Mountain-300 Black, 44",Bikes,Mountain Bikes,CONTINUING,22679.79,332420.922,309741.132,1365.7142857142858,1734.551,25423.5618,23689.0108,1365.7142857142858,0.07648002913607224,0.07648002913607224,0.0,0.0,0.0,1273.1544708713157,22415.856329128685,Tier 1 - High-quality growth
367,"Mountain-300 Black, 48",Bikes,Mountain Bikes,CONTINUING,32399.7,339105.1961,306705.4961,946.630666641975,2477.93,25525.0465,23047.1165,930.0955434576441,0.07648002913607224,0.07527176461334088,-0.001208264522731367,-443.6599,0.0,1262.500458562769,22228.27594143723,Tier 2 - Margin-dilutive growth
348,"Mountain-100 Black, 38",Bikes,Mountain Bikes,DISCONTINUED,929471.9087,0.0,-929471.9087,-100.0,-21473.3857,0.0,21473.3857,100.0,-0.023102780728503795,0.0,0.023102780728503795,0.0,0.0,-1334.4150416454584,22807.800741645457,Tier 5 - Profitable Contraction / Portfolio Improvement
364,"Mountain-300 Black, 38",Bikes,Mountain Bikes,CONTINUING,32672.2895,295109.8595,262437.57,803.2420562385137,2152.0841,22223.3171,20071.233,932.6416658159409,0.06586878767709255,0.07530523425294099,0.00943644657584844,2981.153382352941,0.0,1078.7187462403406,16011.360871406718,Tier 1 - High-quality growth
420,ML Mountain Rear Wheel,Components,Wheels,CONTINUING,4673.295,79267.0136,74593.7186,1596.1696961137698,1215.0567,20476.9625,19261.9058,1585.2680619760379,0.26,0.2583289261196539,-0.0016710738803461117,-179.00139999999996,0.0,1406.3296247281478,18034.57757527185,Tier 2 - Margin-dilutive growth
351,"Mountain-100 Black, 48",Bikes,Mountain Bikes,DISCONTINUED,852691.2239,0.0,-852691.2239,-100.0,-18534.1057,0.0,18534.1057,100.0,-0.02173601085657896,0.0,0.02173601085657896,0.0,0.0,-1222.5479124057192,19756.65361240572,Tier 5 - Profitable Contraction / Portfolio Improvement
349,"Mountain-100 Black, 42",Bikes,Mountain Bikes,DISCONTINUED,894484.7373,0.0,-894484.7373,-100.0,-18498.6691,0.0,18498.6691,100.0,-0.020680810223591056,0.0,0.020680810223591056,0.0,0.0,-1281.1449801027254,19779.814080102726,Tier 5 - Profitable Contraction / Portfolio Improvement
415,HL Road Front Wheel,Components,Wheels,CONTINUING,9901.8,77234.04,67332.24,680.0,2574.47,20080.866,17506.396,680.0,0.26000020198347773,0.26000020198347773,0.0,0.0,0.0,905.5910462264587,16600.804953773542,Tier 1 - High-quality growth
458,"Women's Tights, L",Clothing,Tights,CONTINUING,5948.8893,58641.2053,52692.316,885.7504879104071,1680.0801,17809.1173,16129.0372,960.0159659054351,0.2824191231798514,0.3036963038002222,0.021277180620370793,1738.785908695652,0.0,3148.2606371755123,11241.990654128835,Tier 1 - High-quality growth
456,"Women's Tights, S",Clothing,Tights,CONTINUING,6160.0461,58355.5985,52195.5524,847.3240549287448,1798.4367,17214.1765,15415.7398,857.1744448942795,0.2919518248410511,0.2949875751852669,0.00303575034421582,250.19911702127672,0.0,3166.905158715469,11998.635524263254,Tier 1 - High-quality growth
294,"HL Mountain Frame - Silver, 46",Components,Mountain Frames,CONTINUING,2977.0908,139923.2676,136946.1768,4600.0,333.434,15671.398,15337.964,4600.0,0.11199994303163344,0.11199994303163344,0.0,0.0,0.0,490.0845661931424,14847.879433806858,Tier 1 - High-quality growth
305,"HL Mountain Frame - Black, 38",Components,Mountain Frames,CONTINUING,6625.3095,136923.063,130297.7535,1966.6666666666667,742.0356,15335.4024,14593.3668,1966.6666666666667,0.11200014127641886,0.11200014127641886,0.0,0.0,0.0,471.4400446531859,14121.926755346814,Tier 1 - High-quality growth
460,"Men's Bib-Shorts, M",Clothing,Bib-Shorts,CONTINUING,5635.2458,52729.3077,47094.0619,835.7055498803619,1737.5513,16053.8585,14316.3072,823.935799766027,0.3083363817067217,0.3044579798266534,-0.003878401880068244,-295.6718276190475,0.0,2351.8732171116562,12260.105810507392,Tier 2 - Margin-dilutive growth
428,"ML Mountain Frame - Black, 48",Components,Mountain Frames,CONTINUING,13447.3486,130157.232,116709.8834,867.9025648223324,1369.0941,14577.6274,13208.5333,964.7644599447182,0.10181145300271312,0.11200013380739382,0.010188680804680699,1476.4500123076923,0.0,1483.5712139651105,10248.512073727197,Tier 1 - High-quality growth
414,ML Road Front Wheel,Components,Wheels,CONTINUING,7600.581,52458.912,44858.331,590.1960784313726,1976.1531,13639.3312,11663.1781,590.1960784313726,0.26000026840053414,0.26000026840053414,0.0,0.0,0.0,801.7144262181297,10861.463673781871,Tier 1 - High-quality growth
393,HL Fork,Components,Forks,CONTINUING,550.776,43272.0836,42721.3076,7756.566662309178,143.2016,11175.5996,11032.398,7704.102468128848,0.2599997095007771,0.2582634962370982,-0.0017362132636788562,-101.52639999999998,0.0,828.349456989496,10305.574943010504,Tier 2 - Margin-dilutive growth
433,"ML Road Frame-W - Yellow, 44",Components,Road Frames,CONTINUING,21413.8782,163199.7081,141785.8299,662.1212121212121,1606.0374,12239.9517,10633.9143,662.1212121212121,0.07499983818904882,0.07499983818904882,0.0,0.0,0.0,1163.9508447087132,9469.963455291287,Tier 1 - High-quality growth
422,LL Road Rear Wheel,Components,Wheels,CONTINUING,2701.56,42887.265,40185.705,1487.5,702.404,11150.6635,10448.2595,1487.5,0.2599994077495965,0.2599994077495965,0.0,0.0,0.0,1584.784330896303,8863.475169103696,Tier 1 - High-quality growth
470,"Full-Finger Gloves, L",Clothing,Gloves,CONTINUING,5802.6839,44633.3912,38830.7073,669.1852937224445,976.0467,10893.9435,9917.8968,1016.1293306969841,0.1682060778806166,0.2440760875906736,0.075870009710057,4071.1235483766236,0.0,4914.1631773171075,932.6100743062696,Tier 1 - High-quality growth
427,"ML Mountain Frame - Black, 44",Components,Mountain Frames,CONTINUING,6277.68,88724.544,82446.864,1313.3333333333333,703.101,9937.1608,9234.0598,1313.3333333333333,0.11200013380739382,0.11200013380739382,0.0,0.0,0.0,1049.4202123918376,8184.639587608162,Tier 1 - High-quality growth
469,"Full-Finger Gloves, M",Clothing,Gloves,CONTINUING,3171.2078,31523.7792,28352.5714,894.0622371072624,773.5601,8942.0123,8168.4522,1055.9557298780016,0.2439323276134727,0.28365927331453966,0.039726945701066954,1656.3907045751635,0.0,3430.5919633519966,3081.4695320728397,Tier 1 - High-quality growth
439,"HL Road Frame - Black, 44",Components,Road Frames,CONTINUING,14054.7276,121807.6392,107752.9116,766.6666666666666,1054.1052,9135.5784,8081.4732,766.6666666666666,0.07500004482477483,0.07500004482477483,0.0,0.0,0.0,367.5634246448568,7713.909775355143,Tier 1 - High-quality growth
459,"Men's Bib-Shorts, S",Clothing,Bib-Shorts,CONTINUING,3131.652,28946.3994,25814.7474,824.3172421456791,978.6398,8975.3552,7996.7154,817.1255041946996,0.31249953698559096,0.3100681047052781,-0.002431432280312863,-102.3726,0.0,1278.481477025589,6820.606522974411,Tier 2 - Margin-dilutive growth
239,"HL Road Frame - Red, 62",Components,Road Frames,CONTINUING,21082.0914,127273.3666,106191.2752,503.7037037037037,1581.1578,9545.5082,7964.3504,503.7037037037037,0.07500004482477483,0.07500004482477483,0.0,0.0,0.0,362.2364184905835,7602.113981509417,Tier 1 - High-quality growth
409,"ML Mountain Frame - Black, 38",Components,Mountain Frames,CONTINUING,6068.424,77006.208,70937.784,1168.9655172413793,679.6643,8624.7056,7945.0413,1168.9655172413793,0.11200013380739382,0.11200013380739382,0.0,0.0,0.0,902.9275431493221,7042.113756850678,Tier 1 - High-quality growth
453,"Men's Sports Shorts, M",Clothing,Shorts,CONTINUING,3413.719,28313.1324,24899.4134,729.3925891381218,1038.1126,8689.6337,7651.5211,737.0608063133036,0.30410019102333846,0.30691177426910204,0.002811583245763589,114.39107708333333,0.0,1856.4616447642404,5680.668378152426,Tier 1 - High-quality growth
242,"HL Road Frame - Red, 44",Components,Road Frames,CONTINUING,24986.1824,125711.7302,100725.5478,403.125,1873.9648,9428.3854,7554.4206,403.125,0.07500004482477483,0.07500004482477483,0.0,0.0,0.0,343.591896950627,7210.828703049373,Tier 1 - High-quality growth
435,"ML Road Frame-W - Yellow, 48",Components,Road Frames,CONTINUING,8760.2229,109340.5599,100580.337,1148.148148148148,657.0153,8200.5243,7543.509,1148.148148148148,0.07499983818904882,0.07499983818904882,0.0,0.0,0.0,825.6859539123594,6717.82304608764,Tier 1 - High-quality growth
417,"ML Road Frame-W - Yellow, 38",Components,Road Frames,CONTINUING,12978.108,105771.5802,92793.4722,715.0,973.356,7932.8514,6959.4954,715.0,0.07499983818904882,0.07499983818904882,0.0,0.0,0.0,761.76188006108,6197.73351993892,Tier 1 - High-quality growth
289,"HL Mountain Frame - Silver, 42",Components,Mountain Frames,CONTINUING,14141.1813,75915.8154,61774.6341,436.84210526315786,1583.8115,8502.567,6918.7555,436.84210526315786,0.11199994303163344,0.11199994303163344,0.0,0.0,0.0,221.0707554023414,6697.684744597658,Tier 1 - High-quality growth
395,ML Headset,Components,Headsets,CONTINUING,184.122,27191.3211,27007.1991,14668.100009776126,47.8716,6935.4283,6887.5567,14387.563189866225,0.2599993482582201,0.2550603655664233,-0.004938982691796769,-181.4829,0.0,1179.931863171533,5889.107736828467,Tier 2 - Margin-dilutive growth
344,"Mountain-100 Silver, 38",Bikes,Mountain Bikes,DISCONTINUED,920972.2917,0.0,-920972.2917,-100.0,-6422.5923,0.0,6422.5923,100.0,-0.006973708501202241,0.0,0.006973708501202241,0.0,0.0,-1291.7989924112721,7714.391292411272,Tier 5 - Profitable Contraction / Portfolio Improvement
314,"Road-150 Red, 56",Bikes,Road Bikes,DISCONTINUED,553916.196,0.0,-553916.196,-100.0,-6277.7076,0.0,6277.7076,100.0,-0.011333316565453883,0.0,0.011333316565453883,0.0,0.0,-687.183793901254,6964.891393901254,Tier 5 - Profitable Contraction / Portfolio Improvement
412,HL Mountain Front Wheel,Components,Wheels,CONTINUING,3782.709,27739.866,23957.157,633.3333333333334,983.5035,7212.359,6228.8555,633.3333333333334,0.25999977793692297,0.25999977793692297,0.0,0.0,0.0,354.2459092591736,5874.609590740826,Tier 1 - High-quality growth
221,"Sport-100 Helmet, Blue",Accessories,Helmets,CONTINUING,1831.9272,20938.1733,19106.2461,1042.9588086251463,152.665,6338.3069,6185.6419,4051.774735532047,0.0833357351755026,0.3027153710682106,0.219379635892708,5011.0045859504135,0.0,2479.721364814215,-1305.0840507646283,Tier 1 - High-quality growth
216,"Sport-100 Helmet, Black",Accessories,Helmets,CONTINUING,1408.0102,20341.0389,18933.0287,1344.665592621417,117.3376,6185.2749,6067.9373,5171.349422520999,0.08333575992560281,0.3040786132118355,0.2207428532862327,4898.346383870968,0.0,2469.0673525056686,-1299.4764363766362,Tier 1 - High-quality growth
271,"LL Road Frame - Red, 60",Components,Road Frames,CONTINUING,12949.248,91049.4,78100.152,603.125,971.1936,6828.705,5857.5114,603.125,0.075,0.075,0.0,0.0,0.0,1028.1121877747444,4829.399212225256,Tier 1 - High-quality growth
213,"Sport-100 Helmet, Red",Accessories,Helmets,CONTINUING,1847.067,18993.8935,17146.8265,928.327261544925,153.9266,5754.0907,5600.1641,3638.2042479987213,0.08333568841844936,0.3029442436328286,0.21960855521437928,4550.435155737705,0.0,2216.034560177687,-1166.3056159153923,Tier 1 - High-quality growth
263,"LL Road Frame - Red, 44",Components,Road Frames,CONTINUING,11618.0383,85863.2262,74245.1879,639.0509824709392,762.9265,6321.4587,5558.5322,728.580302296486,0.06566741133914147,0.07362242230772363,0.00795501096858215,731.049001724138,0.0,977.5056293091482,3849.977568966714,Tier 1 - High-quality growth
461,"Men's Bib-Shorts, L",Clothing,Bib-Shorts,CONTINUING,3239.64,20625.708,17386.068,536.6666666666666,1012.386,6445.5242,5433.1382,536.6666666666666,0.31249953698559096,0.31249953698559096,0.0,0.0,0.0,857.6479908379991,4575.490209162001,Tier 1 - High-quality growth
361,"Mountain-200 Black, 42",Bikes,Mountain Bikes,NEW,0.0,59210.742,59210.742,,0.0,5375.5461,5375.5461,,0.0,0.09078667009442307,0.09078667009442307,0.0,0.0,114.53063231687567,5261.015467683124,Tier 1 - High-quality growth
359,"Mountain-200 Black, 38",Bikes,Mountain Bikes,NEW,0.0,59210.742,59210.742,,0.0,5375.5461,5375.5461,,0.0,0.09078667009442307,0.09078667009442307,0.0,0.0,114.53063231687567,5261.015467683124,Tier 1 - High-quality growth
310,"Road-150 Red, 62",Bikes,Road Bikes,DISCONTINUED,450862.02,0.0,-450862.02,-100.0,-5109.762,0.0,5109.762,100.0,-0.011333316565453883,0.0,0.011333316565453883,0.0,0.0,-559.3356461986951,5669.097646198695,Tier 5 - Profitable Contraction / Portfolio Improvement
411,ML Mountain Front Wheel,Components,Wheels,CONTINUING,3386.205,22700.115,19313.91,570.3703703703703,880.4133,5902.0299,5021.6166,570.3703703703703,0.26,0.26,0.0,0.0,0.0,410.1794738790431,4611.437126120957,Tier 1 - High-quality growth
286,"LL Road Frame - Black, 52",Components,Road Frames,CONTINUING,12691.7358,76963.544,64271.8082,506.4067611618578,951.8826,5673.7108,4721.8282,496.0515298840424,0.075000190281301,0.07371945865694543,-0.0012807316243555788,-106.5618,0.0,932.2260769978252,3896.1639230021747,Tier 2 - Margin-dilutive growth
315,"Road-450 Red, 58",Bikes,Road Bikes,DISCONTINUED,356363.0822,0.0,-356363.0822,-100.0,-4597.9042,0.0,4597.9042,100.0,-0.012902302257615843,0.0,0.012902302257615843,0.0,0.0,-1086.7092554717506,5684.613455471751,Tier 5 - Profitable Contraction / Portfolio Improvement
319,"Road-450 Red, 52",Bikes,Road Bikes,DISCONTINUED,401530.446,0.0,-401530.446,-100.0,-4550.6637,0.0,4550.6637,100.0,-0.011333296753292775,0.0,0.011333296753292775,0.0,0.0,-1222.5479124057192,5773.211612405719,Tier 5 - Profitable Contraction / Portfolio Improvement
353,"Mountain-200 Silver, 38",Bikes,Mountain Bikes,NEW,0.0,50111.784,50111.784,,0.0,4549.482,4549.482,,0.0,0.09078667005748588,0.09078667005748588,0.0,0.0,95.88611077691917,4453.595889223081,Tier 1 - High-quality growth
357,"Mountain-200 Silver, 46",Bikes,Mountain Bikes,NEW,0.0,48719.79,48719.79,,0.0,4423.1075,4423.1075,,0.0,0.09078667005748588,0.09078667005748588,0.0,0.0,93.22260769978251,4329.884892300218,Tier 1 - High-quality growth
273,"LL Road Frame - Red, 62",Components,Road Frames,CONTINUING,7688.616,67461.6703,59773.0543,777.4228066533691,576.6462,4951.1989,4374.5527,758.619878185272,0.075,0.07339277070938459,-0.001607229290615415,-117.2177,0.0,788.3969108324465,3703.3734891675535,Tier 2 - Margin-dilutive growth
265,"LL Road Frame - Red, 48",Components,Road Frames,CONTINUING,5260.632,60294.936,55034.304,1046.1538461538462,394.5474,4522.1202,4127.5728,1046.1538461538462,0.075,0.075,0.0,0.0,0.0,724.472836981167,3403.099963018833,Tier 1 - High-quality growth
399,ML Mountain Handlebars,Components,Handlebars,CONTINUING,1452.3035,16481.956,15029.6525,1034.8837209302326,377.5959,4285.2744,3907.6785,1034.8837209302326,0.2599979274304579,0.2599979274304579,0.0,0.0,0.0,1185.2588693258062,2722.4196306741937,Tier 1 - High-quality growth
355,"Mountain-200 Silver, 42",Bikes,Mountain Bikes,NEW,0.0,41759.82,41759.82,,0.0,3791.235,3791.235,,0.0,0.09078667005748588,0.09078667005748588,0.0,0.0,79.9050923140993,3711.3299076859007,Tier 1 - High-quality growth
445,"Men's Sports Shorts, S",Clothing,Shorts,CONTINUING,863.856,12467.1698,11603.3138,1343.2000009260803,269.9544,3880.3425,3610.3881,1337.406650901041,0.31249930543979554,0.3112448584762197,-0.0012544469635758426,-22.748199999999983,0.0,860.3114939151358,2772.824806084864,Tier 2 - Margin-dilutive growth
410,LL Mountain Front Wheel,Components,Wheels,CONTINUING,1384.986,15209.892,13824.906,998.1982489353683,360.0956,3936.0976,3576.002,993.0701735872362,0.25999945125799107,0.25878537467590174,-0.0012140765820893463,-24.953999999999986,0.0,1012.1311693119245,2588.8248306880755,Tier 2 - Margin-dilutive growth
254,"LL Road Frame - Black, 58",Components,Road Frames,CONTINUING,5518.146,52606.3252,47088.1792,853.3333333333334,413.862,3945.4844,3531.6224,853.3333333333334,0.075000190281301,0.075000190281301,0.0,0.0,0.0,681.8567877469807,2849.7656122530193,Tier 1 - High-quality growth
396,HL Headset,Components,Headsets,CONTINUING,299.352,13845.03,13545.678,4525.0,77.8316,3599.7115,3521.8799,4525.0,0.2600002672439135,0.2600002672439135,0.0,0.0,0.0,482.09405696173246,3039.7858430382676,Tier 1 - High-quality growth
311,"Road-150 Red, 44",Bikes,Road Bikes,DISCONTINUED,296280.756,0.0,-296280.756,-100.0,-3357.8436,0.0,3357.8436,100.0,-0.011333316565453883,0.0,0.011333316565453883,0.0,0.0,-367.5634246448568,3725.407024644857,Tier 5 - Profitable Contraction / Portfolio Improvement
483,Hitch Rack - 4-Bike,Accessories,Bike Racks,NEW,0.0,9941.808,9941.808,,0.0,3299.568,3299.568,,0.0,0.3318881233675002,0.3318881233675002,0.0,0.0,394.1984554162232,2905.3695445837766,Tier 1 - High-quality growth
457,"Women's Tights, M",Clothing,Tights,CONTINUING,719.904,11203.506,10483.602,1456.25,224.9696,3501.0894,3276.1198,1456.25,0.3124994443703605,0.3124994443703605,0.0,0.0,0.0,620.596216972838,2655.523583027162,Tier 1 - High-quality growth
313,"Road-150 Red, 52",Bikes,Road Bikes,DISCONTINUED,287692.908,0.0,-287692.908,-100.0,-3260.5148,0.0,3260.5148,100.0,-0.011333316565453883,0.0,0.011333316565453883,0.0,0.0,-356.9094123363102,3617.42421233631,Tier 5 - Profitable Contraction / Portfolio Improvement
407,HL Road Handlebars,Components,Handlebars,CONTINUING,2164.8594,14563.5996,12398.7402,572.7272727272727,562.8645,3786.543,3223.6785,572.7272727272727,0.26000048779149354,0.26000048779149354,0.0,0.0,0.0,503.40208157882563,2720.276418421174,Tier 1 - High-quality growth
345,"Mountain-100 Silver, 42",Bikes,Mountain Bikes,DISCONTINUED,861073.3075,0.0,-861073.3075,-100.0,-3220.4813,0.0,3220.4813,100.0,-0.003740077960783844,0.0,0.003740077960783844,0.0,0.0,-1203.9033908657627,4424.384690865762,Tier 5 - Profitable Contraction / Portfolio Improvement
312,"Road-150 Red, 48",Bikes,Road Bikes,DISCONTINUED,281252.022,0.0,-281252.022,-100.0,-3187.5182,0.0,3187.5182,100.0,-0.011333316565453883,0.0,0.011333316565453883,0.0,0.0,-348.91890310490027,3536.4371031049004,Tier 5 - Profitable Contraction / Portfolio Improvement
454,"Men's Sports Shorts, L",Clothing,Shorts,CONTINUING,575.904,10330.278,9754.374,1693.75,179.9696,3228.2047,3048.2351,1693.75,0.31249930543979554,0.31249930543979554,0.0,0.0,0.0,721.8093339040304,2326.4257660959697,Tier 1 - High-quality growth
424,HL Road Rear Wheel,Components,Wheels,CONTINUING,1285.416,12211.452,10926.036,850.0,334.2084,3174.9798,2840.7714,850.0,0.26000018670998337,0.26000018670998337,0.0,0.0,0.0,135.83865693396882,2704.932743066031,Tier 1 - High-quality growth
447,Cable Lock,Accessories,Locks,CONTINUING,1005.0,10019.98,9014.98,897.0129353233831,314.0625,3110.605,2796.5425,890.4413930348259,0.3125,0.31044024039968143,-0.0020597596003185635,-30.01999999999998,0.0,1606.092355513396,1220.470144486604,Tier 2 - Margin-dilutive growth
391,LL Fork,Components,Forks,CONTINUING,711.456,11383.296,10671.84,1500.0,184.9784,2959.6544,2774.676,1500.0,0.2599997751090721,0.2599997751090721,0.0,0.0,0.0,319.6203692563972,2455.0556307436027,Tier 1 - High-quality growth
363,"Mountain-200 Black, 46",Bikes,Mountain Bikes,NEW,0.0,30293.868,30293.868,,0.0,2750.2794,2750.2794,,0.0,0.09078667009442307,0.09078667009442307,0.0,0.0,58.59706769700615,2691.682332302994,Tier 1 - High-quality growth
401,HL Mountain Handlebars,Components,Handlebars,CONTINUING,1771.2486,12005.1294,10233.8808,577.7777777777778,460.5255,3121.3395,2660.814,577.7777777777778,0.26000048779149354,0.26000048779149354,0.0,0.0,0.0,415.5064800333164,2245.3075199666837,Tier 1 - High-quality growth
464,"Half-Finger Gloves, M",Clothing,Gloves,CONTINUING,861.8629,9298.3674,8436.5045,978.8685068123945,269.3333,2848.537,2579.2037,957.6252546565909,0.31250132706721684,0.3063480799866007,-0.006153247080616181,-83.22220000000002,0.0,1606.092355513396,1056.333544486604,Tier 2 - Margin-dilutive growth
316,"Road-450 Red, 60",Bikes,Road Bikes,DISCONTINUED,213449.736,0.0,-213449.736,-100.0,-2419.0892,0.0,2419.0892,100.0,-0.011333296753292775,0.0,0.011333296753292775,0.0,0.0,-649.894750821341,3068.983950821341,Tier 5 - Profitable Contraction / Portfolio Improvement
448,Minipump,Accessories,Pumps,CONTINUING,868.6135,8439.3462,7570.7327,871.5881919864244,266.6628,2625.9867,2359.3239,884.7592915097268,0.3069982218788909,0.31115996876630087,0.004161746887409979,50.68157671232873,0.0,1683.3339447503586,625.3083785373126,Tier 1 - High-quality growth
419,LL Mountain Rear Wheel,Components,Wheels,CONTINUING,2000.586,11055.87,9055.284,452.63157894736844,520.1516,2874.522,2354.3704,452.63157894736844,0.2599996201113074,0.2599996201113074,0.0,0.0,0.0,458.12252926750267,1896.2478707324974,Tier 1 - High-quality growth
317,"Road-450 Red, 44",Bikes,Road Bikes,DISCONTINUED,206451.384,0.0,-206451.384,-100.0,-2339.7748,0.0,2339.7748,100.0,-0.011333296753292775,0.0,0.011333296753292775,0.0,0.0,-628.5867262042478,2968.3615262042476,Tier 5 - Profitable Contraction / Portfolio Improvement
471,"Classic Vest, S",Clothing,Vests,NEW,0.0,6927.431,6927.431,,0.0,2177.631,2177.631,,0.0,0.3143489989290402,0.3143489989290402,0.0,0.0,532.7006154273287,1644.9303845726713,Tier 1 - High-quality growth
232,"Long-Sleeve Logo Jersey, L",Clothing,Jerseys,DISCONTINUED,20824.0077,0.0,-20824.0077,-100.0,-2176.1823,0.0,2176.1823,100.0,-0.10450352935664733,0.0,0.10450352935664733,0.0,0.0,-1931.0397309240664,4107.2220309240665,Tier 5 - Profitable Contraction / Portfolio Improvement
350,"Mountain-100 Black, 44",Bikes,Mountain Bikes,DISCONTINUED,979303.6361,0.0,-979303.6361,-100.0,-2011.1687,0.0,2011.1687,100.0,-0.0020536722481796573,0.0,0.0020536722481796573,0.0,0.0,-1377.0310908796446,3388.1997908796448,Tier 5 - Profitable Contraction / Portfolio Improvement
468,"Full-Finger Gloves, S",Clothing,Gloves,CONTINUING,729.408,6997.758,6268.35,859.375,227.9392,2186.7917,1958.8525,859.375,0.3124989032201457,0.3124989032201457,0.0,0.0,0.0,732.4633462125769,1226.389153787423,Tier 1 - High-quality growth
423,ML Road Rear Wheel,Components,Wheels,CONTINUING,495.693,7600.626,7104.933,1433.3333333333333,128.8803,1976.1646,1847.2843,1433.3333333333333,0.26000024208532296,0.26000024208532296,0.0,0.0,0.0,114.53063231687567,1732.7536676831244,Tier 1 - High-quality growth
298,"HL Mountain Frame - Black, 42",Components,Mountain Frames,NEW,0.0,20244.0,20244.0,,0.0,1767.975,1767.975,,0.0,0.08733328393598103,0.08733328393598103,0.0,0.0,66.58757692841608,1701.387423071584,Tier 1 - High-quality growth
309,"HL Mountain Frame - Silver, 38",Components,Mountain Frames,NEW,0.0,19648.8,19648.8,,0.0,1715.9952,1715.9952,,0.0,0.08733333333333333,0.08733333333333333,0.0,0.0,63.924073851279445,1652.0711261487206,Tier 1 - High-quality growth
476,"Women's Mountain Shorts, L",Clothing,Shorts,NEW,0.0,6256.0492,6256.0492,,0.0,1701.373,1701.373,,0.0,0.2719564609562214,0.2719564609562214,0.0,0.0,463.449535421776,1237.923464578224,Tier 1 - High-quality growth
472,"Classic Vest, M",Clothing,Vests,NEW,0.0,4892.9989,4892.9989,,0.0,1686.8839,1686.8839,,0.0,0.34475460437973937,0.34475460437973937,0.0,0.0,359.5729154134469,1327.310984586553,Tier 1 - High-quality growth
429,"ML Road Frame-W - Yellow, 40",Components,Road Frames,CONTINUING,4542.3378,26929.5741,22387.2363,492.85714285714283,340.6746,2019.7137,1679.0391,492.85714285714283,0.07499983818904882,0.07499983818904882,0.0,0.0,0.0,183.7817123224284,1495.2573876775716,Tier 1 - High-quality growth
441,"HL Road Frame - Black, 48",Components,Road Frames,CONTINUING,3123.2728,22643.7278,19520.455,625.0,234.2456,1698.2806,1464.035,625.0,0.07500004482477483,0.07500004482477483,0.0,0.0,0.0,66.58757692841608,1397.447423071584,Tier 1 - High-quality growth
397,LL Mountain Handlebars,Components,Handlebars,CONTINUING,777.424,6195.0975,5417.6735,696.875,202.128,1610.7075,1408.5795,696.875,0.2599971186894153,0.2599971186894153,0.0,0.0,0.0,593.9611862014715,814.6183137985286,Tier 1 - High-quality growth
474,"Women's Mountain Shorts, S",Clothing,Shorts,NEW,0.0,4854.8564,4854.8564,,0.0,1347.2322,1347.2322,,0.0,0.27750196689648743,0.27750196689648743,0.0,0.0,356.9094123363102,990.3227876636898,Tier 1 - High-quality growth
245,"HL Road Frame - Red, 48",Components,Road Frames,CONTINUING,6246.5456,24205.3642,17958.8186,287.5,468.4912,1815.4034,1346.9122,287.5,0.07500004482477483,0.07500004482477483,0.0,0.0,0.0,61.2605707741428,1285.6516292258573,Tier 1 - High-quality growth
462,"Half-Finger Gloves, S",Clothing,Gloves,CONTINUING,381.4803,4639.4782,4257.9979,1116.1776636958712,119.2131,1443.7038,1324.4907,1111.0278148961818,0.31250132706721684,0.31117805446310753,-0.0013232726041093287,-8.929900000000012,0.0,804.3779292952663,529.0426707047337,Tier 2 - Margin-dilutive growth
318,"Road-450 Red, 48",Bikes,Road Bikes,DISCONTINUED,116347.602,0.0,-116347.602,-100.0,-1318.6019,0.0,1318.6019,100.0,-0.011333296753292775,0.0,0.011333296753292775,0.0,0.0,-354.2459092591736,1672.8478092591736,Tier 5 - Profitable Contraction / Portfolio Improvement
511,"ML Mountain Frame-W - Silver, 40",Components,Mountain Frames,NEW,0.0,13544.148,13544.148,,0.0,1182.8546,1182.8546,,0.0,0.08733326009136935,0.08733326009136935,0.0,0.0,165.1371907824719,1017.7174092175281,Tier 1 - High-quality growth
487,Hydration Pack - 70 oz.,Accessories,Hydration Packs,NEW,0.0,3304.4371,3304.4371,,0.0,1165.5419,1165.5419,,0.0,0.35272025604602975,0.35272025604602975,0.0,0.0,277.0043200222109,888.537579977789,Tier 1 - High-quality growth
587,"Mountain-400-W Silver, 38",Bikes,Mountain Bikes,NEW,0.0,11080.656,11080.656,,0.0,1005.9744,1005.9744,,0.0,0.09078653826993636,0.09078653826993636,0.0,0.0,63.924073851279445,942.0503261487206,Tier 1 - High-quality growth
588,"Mountain-400-W Silver, 40",Bikes,Mountain Bikes,NEW,0.0,11080.656,11080.656,,0.0,1005.9744,1005.9744,,0.0,0.09078653826993636,0.09078653826993636,0.0,0.0,63.924073851279445,942.0503261487206,Tier 1 - High-quality growth
290,"HL Mountain Frame - Silver, 42",Components,Mountain Frames,NEW,0.0,11461.8,11461.8,,0.0,1000.9972,1000.9972,,0.0,0.08733333333333333,0.08733333333333333,0.0,0.0,37.28904307991301,963.708156920087,Tier 1 - High-quality growth
235,"Long-Sleeve Logo Jersey, XL",Clothing,Jerseys,DISCONTINUED,9863.4168,0.0,-9863.4168,-100.0,-986.328,0.0,986.328,100.0,-0.09999861305668438,0.0,0.09999861305668438,0.0,0.0,-910.9180523807321,1897.246052380732,Tier 5 - Profitable Contraction / Portfolio Improvement
229,"Long-Sleeve Logo Jersey, M",Clothing,Jerseys,DISCONTINUED,9200.0876,0.0,-9200.0876,-100.0,-919.996,0.0,919.996,100.0,-0.09999861305668438,0.0,0.09999861305668438,0.0,0.0,-849.6574816065893,1769.6534816065891,Tier 5 - Profitable Contraction / Portfolio Improvement
558,HL Crankset,Components,Cranksets,NEW,0.0,3158.922,3158.922,,0.0,821.3192,821.3192,,0.0,0.259999835386882,0.259999835386882,0.0,0.0,34.62554000277636,786.6936599972237,Tier 1 - High-quality growth
280,"LL Road Frame - Black, 44",Components,Road Frames,CONTINUING,2391.1966,13243.5504,10852.3538,453.84615384615387,179.3402,993.2688,813.9286,453.84615384615387,0.075000190281301,0.075000190281301,0.0,0.0,0.0,157.14668155106196,656.7819184489381,Tier 1 - High-quality growth
591,"Mountain-500 Silver, 40",Bikes,Mountain Bikes,NEW,0.0,8813.844,8813.844,,0.0,800.1786,800.1786,,0.0,0.09078656259402822,0.09078656259402822,0.0,0.0,69.25108000555272,730.9275199944473,Tier 1 - High-quality growth
589,"Mountain-400-W Silver, 42",Bikes,Mountain Bikes,NEW,0.0,8772.186,8772.186,,0.0,796.3964,796.3964,,0.0,0.09078653826993636,0.09078653826993636,0.0,0.0,50.60655846559622,745.7898415344038,Tier 1 - High-quality growth
466,"Half-Finger Gloves, L",Clothing,Gloves,CONTINUING,183.6757,2670.3621,2486.6864,1353.8461538461538,57.3989,834.4917,777.0928,1353.8461538461538,0.31250132706721684,0.31250132706721684,0.0,0.0,0.0,468.7765415760492,308.3162584239508,Tier 1 - High-quality growth
590,"Mountain-400-W Silver, 46",Bikes,Mountain Bikes,NEW,0.0,8310.492,8310.492,,0.0,754.4808,754.4808,,0.0,0.09078653826993636,0.09078653826993636,0.0,0.0,47.943055388459584,706.5377446115405,Tier 1 - High-quality growth
592,"Mountain-500 Silver, 42",Bikes,Mountain Bikes,NEW,0.0,7457.868,7457.868,,0.0,677.0742,677.0742,,0.0,0.09078656259402822,0.09078656259402822,0.0,0.0,58.59706769700615,618.4771323029938,Tier 1 - High-quality growth
512,"ML Mountain Frame-W - Silver, 42",Components,Mountain Frames,NEW,0.0,7645.89,7645.89,,0.0,667.7405,667.7405,,0.0,0.08733326009136935,0.08733326009136935,0.0,0.0,93.22260769978251,574.5178923002175,Tier 1 - High-quality growth
597,"Mountain-500 Black, 42",Bikes,Mountain Bikes,NEW,0.0,6803.874,6803.874,,0.0,617.7003,617.7003,,0.0,0.09078655777576128,0.09078655777576128,0.0,0.0,55.933564619869514,561.7667353801305,Tier 1 - High-quality growth
426,"ML Mountain Frame - Black, 40",Components,Mountain Frames,CONTINUING,1883.304,7323.96,5440.656,288.8888888888889,210.9303,820.2845,609.3542,288.8888888888889,0.11200013380739382,0.11200013380739382,0.0,0.0,0.0,69.25108000555272,540.1031199944473,Tier 1 - High-quality growth
595,"Mountain-500 Silver, 52",Bikes,Mountain Bikes,NEW,0.0,6440.886,6440.886,,0.0,584.7459,584.7459,,0.0,0.09078656259402822,0.09078656259402822,0.0,0.0,50.60655846559622,534.1393415344038,Tier 1 - High-quality growth
599,"Mountain-500 Black, 48",Bikes,Mountain Bikes,NEW,0.0,6155.886,6155.886,,0.0,558.8717,558.8717,,0.0,0.09078655777576128,0.09078655777576128,0.0,0.0,50.60655846559622,508.26514153440377,Tier 1 - High-quality growth
547,HL Road Pedal,Components,Pedals,NEW,0.0,2089.542,2089.542,,0.0,543.2792,543.2792,,0.0,0.2599991768531094,0.2599991768531094,0.0,0.0,114.53063231687567,428.74856768312435,Tier 1 - High-quality growth
596,"Mountain-500 Black, 40",Bikes,Mountain Bikes,NEW,0.0,5831.892,5831.892,,0.0,529.4574,529.4574,,0.0,0.09078655777576128,0.09078655777576128,0.0,0.0,47.943055388459584,481.5143446115404,Tier 1 - High-quality growth
408,HL Road Handlebars,Components,Handlebars,NEW,0.0,2020.536,2020.536,,0.0,525.3388,525.3388,,0.0,0.2599997228458191,0.2599997228458191,0.0,0.0,74.57808615982601,450.760713840174,Tier 1 - High-quality growth
532,"LL Mountain Frame - Black, 44",Components,Mountain Frames,NEW,0.0,5994.96,5994.96,,0.0,523.56,523.56,,0.0,0.08733336002241883,0.08733336002241883,0.0,0.0,106.54012308546574,417.0198769145343,Tier 1 - High-quality growth
463,"Half-Finger Gloves, S",Clothing,Gloves,NEW,0.0,1434.5753,1434.5753,,0.0,518.6453,518.6453,,0.0,0.3615322946101191,0.3615322946101191,0.0,0.0,266.35030771366434,252.29499228633566,Tier 1 - High-quality growth
465,"Half-Finger Gloves, M",Clothing,Gloves,NEW,0.0,1371.1755,1371.1755,,0.0,510.2013,510.2013,,0.0,0.37209044356466403,0.37209044356466403,0.0,0.0,250.36928925084447,259.83201074915553,Tier 1 - High-quality growth
267,"LL Road Frame - Red, 52",Components,Road Frames,CONTINUING,3641.976,9914.268,6272.292,172.22222222222223,273.1482,743.5701,470.4219,172.22222222222223,0.075,0.075,0.0,0.0,0.0,82.56859539123595,387.85330460876406,Tier 1 - High-quality growth
555,Front Brakes,Components,Brakes,NEW,0.0,1789.2,1789.2,,0.0,465.192,465.192,,0.0,0.26,0.26,0.0,0.0,74.57808615982601,390.613913840174,Tier 1 - High-quality growth
594,"Mountain-500 Silver, 48",Bikes,Mountain Bikes,NEW,0.0,5084.91,5084.91,,0.0,461.6415,461.6415,,0.0,0.09078656259402822,0.09078656259402822,0.0,0.0,39.95254615704965,421.68895384295035,Tier 1 - High-quality growth
593,"Mountain-500 Silver, 44",Bikes,Mountain Bikes,NEW,0.0,5084.91,5084.91,,0.0,461.6415,461.6415,,0.0,0.09078656259402822,0.09078656259402822,0.0,0.0,39.95254615704965,421.68895384295035,Tier 1 - High-quality growth
475,"Women's Mountain Shorts, M",Clothing,Shorts,NEW,0.0,1175.832,1175.832,,0.0,442.8956,442.8956,,0.0,0.37666571414964045,0.37666571414964045,0.0,0.0,74.57808615982601,368.317513840174,Tier 1 - High-quality growth
403,LL Road Handlebars,Components,Handlebars,CONTINUING,242.945,1943.56,1700.615,700.0,63.165,505.32,442.155,700.0,0.2599971186894153,0.2599971186894153,0.0,0.0,0.0,186.44521539956503,255.70978460043497,Tier 1 - High-quality growth
402,HL Mountain Handlebars,Components,Handlebars,NEW,0.0,1659.726,1659.726,,0.0,431.5283,431.5283,,0.0,0.2599997228458191,0.2599997228458191,0.0,0.0,61.2605707741428,370.2677292258572,Tier 1 - High-quality growth
306,"HL Mountain Frame - Black, 38",Components,Mountain Frames,NEW,0.0,4858.56,4858.56,,0.0,424.314,424.314,,0.0,0.08733328393598103,0.08733328393598103,0.0,0.0,15.981018462819861,408.33298153718016,Tier 1 - High-quality growth
545,LL Road Pedal,Components,Pedals,NEW,0.0,1579.11,1579.11,,0.0,410.566,410.566,,0.0,0.25999835350292255,0.25999835350292255,0.0,0.0,173.12770001388182,237.43829998611818,Tier 1 - High-quality growth
527,"LL Mountain Frame - Silver, 52",Components,Mountain Frames,NEW,0.0,4436.04,4436.04,,0.0,387.4136,387.4136,,0.0,0.08733320709461592,0.08733320709461592,0.0,0.0,74.57808615982601,312.835513840174,Tier 1 - High-quality growth
546,ML Road Pedal,Components,Pedals,NEW,0.0,1452.906,1452.906,,0.0,377.754,377.754,,0.0,0.2599989262897944,0.2599989262897944,0.0,0.0,103.8766200083291,273.8773799916709,Tier 1 - High-quality growth
223,AWC Logo Cap,Clothing,Caps,DISCONTINUED,3618.8073,0.0,-3618.8073,-100.0,-369.1275,0.0,369.1275,100.0,-0.10200252994957759,0.0,0.10200252994957759,0.0,0.0,-1861.7886509185137,2230.9161509185137,Tier 5 - Profitable Contraction / Portfolio Improvement
557,ML Crankset,Components,Cranksets,NEW,0.0,1385.046,1385.046,,0.0,360.1116,360.1116,,0.0,0.2599997400808349,0.2599997400808349,0.0,0.0,23.971527694229792,336.1400723057702,Tier 1 - High-quality growth
524,"LL Mountain Frame - Silver, 42",Components,Mountain Frames,NEW,0.0,4119.18,4119.18,,0.0,359.7412,359.7412,,0.0,0.08733320709461592,0.08733320709461592,0.0,0.0,69.25108000555272,290.4901199944473,Tier 1 - High-quality growth
556,LL Crankset,Components,Cranksets,NEW,0.0,1368.822,1368.822,,0.0,355.8932,355.8932,,0.0,0.2599996201113074,0.2599996201113074,0.0,0.0,34.62554000277636,321.26765999722363,Tier 1 - High-quality growth
544,HL Mountain Pedal,Components,Pedals,NEW,0.0,1312.038,1312.038,,0.0,341.1288,341.1288,,0.0,0.2599991768531094,0.2599991768531094,0.0,0.0,71.91458308268938,269.21421691731064,Tier 1 - High-quality growth
394,LL Headset,Components,Headsets,CONTINUING,123.12,1395.36,1272.24,1033.3333333333333,32.0112,362.7936,330.7824,1033.3333333333333,0.26,0.26,0.0,0.0,0.0,165.1371907824719,165.6452092175281,Tier 1 - High-quality growth
400,ML Mountain Handlebars,Components,Handlebars,NEW,0.0,1188.864,1188.864,,0.0,309.104,309.104,,0.0,0.2599994616709733,0.2599994616709733,0.0,0.0,85.23209846837258,223.8719015316274,Tier 1 - High-quality growth
513,"ML Mountain Frame-W - Silver, 46",Components,Mountain Frames,NEW,0.0,3495.264,3495.264,,0.0,305.2528,305.2528,,0.0,0.08733326009136935,0.08733326009136935,0.0,0.0,42.61604923418629,262.6367507658137,Tier 1 - High-quality growth
257,"LL Road Frame - Black, 60",Components,Road Frames,CONTINUING,2943.0112,6989.6516,4046.6404,137.5,220.7264,524.2252,303.4988,137.5,0.075000190281301,0.075000190281301,0.0,0.0,0.0,58.59706769700615,244.90173230299385,Tier 1 - High-quality growth
598,"Mountain-500 Black, 44",Bikes,Mountain Bikes,NEW,0.0,3239.94,3239.94,,0.0,294.143,294.143,,0.0,0.09078655777576128,0.09078655777576128,0.0,0.0,26.635030771366434,267.50796922863356,Tier 1 - High-quality growth
600,"Mountain-500 Black, 52",Bikes,Mountain Bikes,NEW,0.0,3239.94,3239.94,,0.0,294.143,294.143,,0.0,0.09078655777576128,0.09078655777576128,0.0,0.0,26.635030771366434,267.50796922863356,Tier 1 - High-quality growth
552,Front Derailleur,Components,Derailleurs,NEW,0.0,1097.88,1097.88,,0.0,285.448,285.448,,0.0,0.25999927132291323,0.25999927132291323,0.0,0.0,53.27006154273287,232.17793845726715,Tier 1 - High-quality growth
551,"LL Mountain Frame - Silver, 40",Components,Mountain Frames,NEW,0.0,3168.6,3168.6,,0.0,276.724,276.724,,0.0,0.08733320709461592,0.08733320709461592,0.0,0.0,53.27006154273287,223.45393845726713,Tier 1 - High-quality growth
531,"LL Mountain Frame - Black, 42",Components,Mountain Frames,NEW,0.0,3147.354,3147.354,,0.0,274.869,274.869,,0.0,0.08733336002241883,0.08733336002241883,0.0,0.0,55.933564619869514,218.93543538013049,Tier 1 - High-quality growth
533,"LL Mountain Frame - Black, 48",Components,Mountain Frames,NEW,0.0,2997.48,2997.48,,0.0,261.78,261.78,,0.0,0.08733336002241883,0.08733336002241883,0.0,0.0,53.27006154273287,208.50993845726714,Tier 1 - High-quality growth
484,Bike Wash - Dissolver,Accessories,Cleaners,NEW,0.0,715.9778,715.9778,,0.0,243.2231,243.2231,,0.0,0.33970759987251004,0.33970759987251004,0.0,0.0,423.4969892647263,-180.2738892647263,Tier 1 - High-quality growth
482,"Racing Socks, L",Clothing,Socks,NEW,0.0,681.8843,681.8843,,0.0,241.423,241.423,,0.0,0.3540527329929726,0.3540527329929726,0.0,0.0,348.91890310490027,-107.4959031049003,Tier 1 - High-quality growth
525,"LL Mountain Frame - Silver, 44",Components,Mountain Frames,NEW,0.0,2693.31,2693.31,,0.0,235.2154,235.2154,,0.0,0.08733320709461592,0.08733320709461592,0.0,0.0,45.27955231132294,189.93584768867706,Tier 1 - High-quality growth
543,ML Mountain Pedal,Components,Pedals,NEW,0.0,894.096,894.096,,0.0,232.464,232.464,,0.0,0.2599989262897944,0.2599989262897944,0.0,0.0,63.924073851279445,168.53992614872055,Tier 1 - High-quality growth
603,HL Bottom Bracket,Components,Bottom Brackets,NEW,0.0,801.834,801.834,,0.0,208.4764,208.4764,,0.0,0.25999945125799107,0.25999945125799107,0.0,0.0,29.298533848503077,179.17786615149691,Tier 1 - High-quality growth
554,HL Touring Handlebars,Components,Handlebars,NEW,0.0,769.188,769.188,,0.0,199.9886,199.9886,,0.0,0.2599996359797605,0.2599996359797605,0.0,0.0,37.28904307991301,162.699556920087,Tier 1 - High-quality growth
501,Rear Derailleur,Components,Derailleurs,NEW,0.0,728.76,728.76,,0.0,189.478,189.478,,0.0,0.2600005488775454,0.2600005488775454,0.0,0.0,26.635030771366434,162.84296922863356,Tier 1 - High-quality growth
548,Touring Pedal,Components,Pedals,NEW,0.0,680.316,680.316,,0.0,176.8816,176.8816,,0.0,0.2599991768531094,0.2599991768531094,0.0,0.0,37.28904307991301,139.592556920087,Tier 1 - High-quality growth
398,LL Mountain Handlebars,Components,Handlebars,NEW,0.0,668.1,668.1,,0.0,173.705,173.705,,0.0,0.2599985032180811,0.2599985032180811,0.0,0.0,66.58757692841608,107.11742307158391,Tier 1 - High-quality growth
467,"Half-Finger Gloves, L",Clothing,Gloves,NEW,0.0,455.514,455.514,,0.0,171.5757,171.5757,,0.0,0.3766639444671294,0.3766639444671294,0.0,0.0,82.56859539123595,89.00710460876405,Tier 1 - High-quality growth
542,LL Mountain Pedal,Components,Pedals,NEW,0.0,607.35,607.35,,0.0,157.91,157.91,,0.0,0.25999835350292255,0.25999835350292255,0.0,0.0,66.58757692841608,91.32242307158391,Tier 1 - High-quality growth
517,HL Mountain Seat/Saddle,Components,Saddles,NEW,0.0,568.512,568.512,,0.0,147.8124,147.8124,,0.0,0.2599987335359676,0.2599987335359676,0.0,0.0,47.943055388459584,99.86934461154041,Tier 1 - High-quality growth
481,"Racing Socks, M",Clothing,Socks,NEW,0.0,395.1788,395.1788,,0.0,146.3686,146.3686,,0.0,0.3703857595599764,0.3703857595599764,0.0,0.0,197.0992277081116,-50.730627708111605,Tier 1 - High-quality growth
295,"HL Mountain Frame - Silver, 46",Components,Mountain Frames,NEW,0.0,1637.4,1637.4,,0.0,142.9996,142.9996,,0.0,0.08733333333333333,0.08733333333333333,0.0,0.0,5.3270061542732865,137.6725938457267,Tier 1 - High-quality growth
516,ML Mountain Seat/Saddle,Components,Saddles,NEW,0.0,540.132,540.132,,0.0,140.4334,140.4334,,0.0,0.25999829671265545,0.25999829671265545,0.0,0.0,61.2605707741428,79.1728292258572,Tier 1 - High-quality growth
477,Water Bottle - 30 oz.,Accessories,Bottles and Cages,NEW,0.0,368.2246,368.2246,,0.0,120.0067,120.0067,,0.0,0.3259062539547874,0.3259062539547874,0.0,0.0,354.2459092591736,-234.23920925917358,Tier 1 - High-quality growth
515,LL Mountain Seat/Saddle,Components,Saddles,NEW,0.0,390.528,390.528,,0.0,101.5368,101.5368,,0.0,0.25999877089478857,0.25999877089478857,0.0,0.0,63.924073851279445,37.61272614872056,Tier 1 - High-quality growth
514,Rear Brakes,Components,Brakes,NEW,0.0,383.4,383.4,,0.0,99.684,99.684,,0.0,0.26,0.26,0.0,0.0,15.981018462819861,83.70298153718014,Tier 1 - High-quality growth
520,HL Road Seat/Saddle,Components,Saddles,NEW,0.0,379.008,379.008,,0.0,98.5416,98.5416,,0.0,0.2599987335359676,0.2599987335359676,0.0,0.0,31.962036925639723,66.57956307436028,Tier 1 - High-quality growth
404,LL Road Handlebars,Components,Handlebars,NEW,0.0,374.136,374.136,,0.0,97.2748,97.2748,,0.0,0.2599985032180811,0.2599985032180811,0.0,0.0,37.28904307991301,59.98575692008699,Tier 1 - High-quality growth
523,HL Touring Seat/Saddle,Components,Saddles,NEW,0.0,347.424,347.424,,0.0,90.3298,90.3298,,0.0,0.2599987335359676,0.2599987335359676,0.0,0.0,29.298533848503077,61.03126615149692,Tier 1 - High-quality growth
601,LL Bottom Bracket,Components,Bottom Brackets,NEW,0.0,323.94,323.94,,0.0,84.224,84.224,,0.0,0.25999876520343274,0.25999876520343274,0.0,0.0,26.635030771366434,57.588969228633566,Tier 1 - High-quality growth
526,"LL Mountain Frame - Silver, 48",Components,Mountain Frames,NEW,0.0,792.15,792.15,,0.0,69.181,69.181,,0.0,0.08733320709461592,0.08733320709461592,0.0,0.0,13.317515385683217,55.86348461431678,Tier 1 - High-quality growth
559,Chain,Components,Chains,NEW,0.0,230.736,230.736,,0.0,59.9906,59.9906,,0.0,0.2599967061923584,0.2599967061923584,0.0,0.0,50.60655846559622,9.384041534403776,Tier 1 - High-quality growth
521,LL Touring Seat/Saddle,Components,Saddles,NEW,0.0,195.264,195.264,,0.0,50.7684,50.7684,,0.0,0.25999877089478857,0.25999877089478857,0.0,0.0,31.962036925639723,18.80636307436028,Tier 1 - High-quality growth
553,LL Touring Handlebars,Components,Handlebars,NEW,0.0,193.578,193.578,,0.0,50.33,50.33,,0.0,0.25999855355463947,0.25999855355463947,0.0,0.0,18.644521539956504,31.685478460043495,Tier 1 - High-quality growth
522,ML Touring Seat/Saddle,Components,Saddles,NEW,0.0,187.872,187.872,,0.0,48.8464,48.8464,,0.0,0.25999829671265545,0.25999829671265545,0.0,0.0,21.308024617093146,27.538375382906853,Tier 1 - High-quality growth
346,"Mountain-100 Silver, 44",Bikes,Mountain Bikes,DISCONTINUED,883373.8423,0.0,-883373.8423,-100.0,-41.4905,0.0,41.4905,100.0,-4.696822343298403e-05,0.0,4.696822343298403e-05,0.0,0.0,-1230.5384216371292,1272.0289216371293,Tier 5 - Profitable Contraction / Portfolio Improvement
214,"Sport-100 Helmet, Red",Accessories,Helmets,NEW,0.0,1806.7965,1806.7965,,0.0,40.146,40.146,,0.0,0.02221943644455809,0.02221943644455809,0.0,0.0,359.5729154134469,-319.42691541344686,Tier 1 - High-quality growth
222,"Sport-100 Helmet, Blue",Accessories,Helmets,NEW,0.0,1686.3431,1686.3431,,0.0,37.4693,37.4693,,0.0,0.022219262497649498,0.022219262497649498,0.0,0.0,335.6013877192171,-298.13208771921705,Tier 1 - High-quality growth
217,"Sport-100 Helmet, Black",Accessories,Helmets,NEW,0.0,1659.576,1659.576,,0.0,36.8748,36.8748,,0.0,0.022219410259005916,0.022219410259005916,0.0,0.0,330.2743815649438,-293.3995815649438,Tier 1 - High-quality growth
480,Patch Kit/8 Patches,Accessories,Tires and Tubes,NEW,0.0,82.44,82.44,,0.0,31.05,31.05,,0.0,0.37663755458515286,0.37663755458515286,0.0,0.0,159.8101846281986,-128.7601846281986,Tier 1 - High-quality growth
500,"HL Touring Frame - Blue, 60",Components,Touring Frames,NEW,0.0,15660.996,15660.996,,0.0,15.6598,15.6598,,0.0,0.0009999236319324773,0.0009999236319324773,0.0,0.0,69.25108000555272,-53.591280005552726,Tier 1 - High-quality growth
492,"HL Touring Frame - Yellow, 60",Components,Touring Frames,NEW,0.0,14456.304,14456.304,,0.0,14.4552,14.4552,,0.0,0.0009999236319324773,0.0009999236319324773,0.0,0.0,63.924073851279445,-49.46887385127944,Tier 1 - High-quality growth
534,"LL Mountain Frame - Black, 52",Components,Mountain Frames,NEW,0.0,149.874,149.874,,0.0,13.089,13.089,,0.0,0.08733336002241883,0.08733336002241883,0.0,0.0,2.6635030771366432,10.425496922863356,Tier 1 - High-quality growth
496,"HL Touring Frame - Yellow, 54",Components,Touring Frames,NEW,0.0,9637.536,9637.536,,0.0,9.6368,9.6368,,0.0,0.0009999236319324773,0.0009999236319324773,0.0,0.0,42.61604923418629,-32.97924923418629,Tier 1 - High-quality growth
495,"HL Touring Frame - Yellow, 50",Components,Touring Frames,NEW,0.0,7228.152,7228.152,,0.0,7.2276,7.2276,,0.0,0.0009999236319324773,0.0009999236319324773,0.0,0.0,31.962036925639723,-24.73443692563972,Tier 1 - High-quality growth
497,"HL Touring Frame - Blue, 46",Components,Touring Frames,NEW,0.0,6625.806,6625.806,,0.0,6.6253,6.6253,,0.0,0.0009999236319324773,0.0009999236319324773,0.0,0.0,29.298533848503077,-22.673233848503077,Tier 1 - High-quality growth
494,"HL Touring Frame - Yellow, 46",Components,Touring Frames,NEW,0.0,6625.806,6625.806,,0.0,6.6253,6.6253,,0.0,0.0009999236319324773,0.0009999236319324773,0.0,0.0,29.298533848503077,-22.673233848503077,Tier 1 - High-quality growth
498,"HL Touring Frame - Blue, 50",Components,Touring Frames,NEW,0.0,6023.46,6023.46,,0.0,6.023,6.023,,0.0,0.0009999236319324773,0.0009999236319324773,0.0,0.0,26.635030771366434,-20.612030771366435,Tier 1 - High-quality growth
518,LL Road Seat/Saddle,Components,Saddles,NEW,0.0,16.272,16.272,,0.0,4.2307,4.2307,,0.0,0.25999877089478857,0.25999877089478857,0.0,0.0,2.6635030771366432,1.5671969228633567,Tier 1 - High-quality growth
502,"LL Touring Frame - Blue, 50",Components,Touring Frames,NEW,0.0,3600.936,3600.936,,0.0,3.6018,3.6018,,0.0,0.0010002399376162197,0.0010002399376162197,0.0,0.0,47.943055388459584,-44.34125538845958,Tier 1 - High-quality growth
506,"LL Touring Frame - Yellow, 44",Components,Touring Frames,NEW,0.0,3600.936,3600.936,,0.0,3.6018,3.6018,,0.0,0.0010002399376162197,0.0010002399376162197,0.0,0.0,47.943055388459584,-44.34125538845958,Tier 1 - High-quality growth
507,"LL Touring Frame - Yellow, 50",Components,Touring Frames,NEW,0.0,2800.728,2800.728,,0.0,2.8014,2.8014,,0.0,0.0010002399376162197,0.0010002399376162197,0.0,0.0,37.28904307991301,-34.487643079913006,Tier 1 - High-quality growth
503,"LL Touring Frame - Blue, 54",Components,Touring Frames,NEW,0.0,2200.572,2200.572,,0.0,2.2011,2.2011,,0.0,0.0010002399376162197,0.0010002399376162197,0.0,0.0,29.298533848503077,-27.097433848503076,Tier 1 - High-quality growth
509,"LL Touring Frame - Yellow, 58",Components,Touring Frames,NEW,0.0,800.208,800.208,,0.0,0.8004,0.8004,,0.0,0.0010002399376162197,0.0010002399376162197,0.0,0.0,10.654012308546573,-9.853612308546573,Tier 1 - High-quality growth
510,"LL Touring Frame - Blue, 44",Components,Touring Frames,NEW,0.0,400.104,400.104,,0.0,0.4002,0.4002,,0.0,0.0010002399376162197,0.0010002399376162197,0.0,0.0,5.3270061542732865,-4.926806154273287,Tier 1 - High-quality growth
505,"LL Touring Frame - Blue, 62",Components,Touring Frames,NEW,0.0,200.052,200.052,,0.0,0.2001,0.2001,,0.0,0.0010002399376162197,0.0010002399376162197,0.0,0.0,2.6635030771366432,-2.4634030771366433,Tier 1 - High-quality growth
256,"LL Road Frame - Black, 60",Components,Road Frames,DISCONTINUED,178.5808,0.0,-178.5808,-100.0,2.3811,0.0,-2.3811,-100.0,0.013333460260005555,0.0,-0.013333460260005555,0.0,0.0,-2.6635030771366432,0.2824030771366434,Tier 4 - Contraction
266,"LL Road Frame - Red, 52",Components,Road Frames,DISCONTINUED,919.691,0.0,-919.691,-100.0,12.2625,0.0,-12.2625,-100.0,0.013333282591653067,0.0,-0.013333282591653067,0.0,0.0,-13.317515385683217,1.055015385683217,Tier 4 - Contraction
258,"LL Road Frame - Black, 60",Components,Road Frames,NEW,0.0,2427.984,2427.984,,0.0,-27.5172,-27.5172,,0.0,-0.011333353102821107,-0.011333353102821107,0.0,0.0,31.962036925639723,-59.47923692563972,Tier 3 - Value-destructive growth
281,"LL Road Frame - Black, 44",Components,Road Frames,NEW,0.0,2630.316,2630.316,,0.0,-29.8103,-29.8103,,0.0,-0.011333353102821107,-0.011333353102821107,0.0,0.0,34.62554000277636,-64.43584000277636,Tier 3 - Value-destructive growth
279,"LL Road Frame - Black, 44",Components,Road Frames,DISCONTINUED,3928.7776,0.0,-3928.7776,-100.0,52.3842,0.0,-52.3842,-100.0,0.013333460260005555,0.0,-0.013333460260005555,0.0,0.0,-58.59706769700615,6.212867697006155,Tier 4 - Contraction
430,"ML Road Frame-W - Yellow, 40",Components,Road Frames,NEW,0.0,4996.572,4996.572,,0.0,-56.6272,-56.6272,,0.0,-0.011333210048809463,-0.011333210048809463,0.0,0.0,37.28904307991301,-93.916243079913,Tier 3 - Value-destructive growth
255,"LL Road Frame - Black, 58",Components,Road Frames,NEW,0.0,6676.956,6676.956,,0.0,-75.6723,-75.6723,,0.0,-0.011333353102821107,-0.011333353102821107,0.0,0.0,87.89560154550924,-163.56790154550924,Tier 3 - Value-destructive growth
578,"Touring-2000 Blue, 50",Bikes,Touring Bikes,NEW,0.0,2915.64,2915.64,,0.0,-104.9632,-104.9632,,0.0,-0.036000054876459374,-0.036000054876459374,0.0,0.0,10.654012308546573,-115.61721230854657,Tier 3 - Value-destructive growth
436,"ML Road Frame-W - Yellow, 48",Components,Road Frames,NEW,0.0,9636.246,9636.246,,0.0,-109.2096,-109.2096,,0.0,-0.011333210048809463,-0.011333210048809463,0.0,0.0,71.91458308268938,-181.12418308268937,Tier 3 - Value-destructive growth
418,"ML Road Frame-W - Yellow, 38",Components,Road Frames,NEW,0.0,9993.144,9993.144,,0.0,-113.2544,-113.2544,,0.0,-0.011333210048809463,-0.011333210048809463,0.0,0.0,74.57808615982601,-187.832486159826,Tier 3 - Value-destructive growth
442,"HL Road Frame - Black, 48",Components,Road Frames,NEW,0.0,10306.8,10306.8,,0.0,-116.8104,-116.8104,,0.0,-0.011333333333333334,-0.011333333333333334,0.0,0.0,31.962036925639723,-148.7724369256397,Tier 3 - Value-destructive growth
440,"HL Road Frame - Black, 44",Components,Road Frames,NEW,0.0,10306.8,10306.8,,0.0,-116.8104,-116.8104,,0.0,-0.011333333333333334,-0.011333333333333334,0.0,0.0,31.962036925639723,-148.7724369256397,Tier 3 - Value-destructive growth
246,"HL Road Frame - Red, 48",Components,Road Frames,NEW,0.0,11165.7,11165.7,,0.0,-126.5446,-126.5446,,0.0,-0.011333333333333334,-0.011333333333333334,0.0,0.0,34.62554000277636,-161.17014000277638,Tier 3 - Value-destructive growth
240,"HL Road Frame - Red, 62",Components,Road Frames,NEW,0.0,12883.5,12883.5,,0.0,-146.013,-146.013,,0.0,-0.011333333333333334,-0.011333333333333334,0.0,0.0,39.95254615704965,-185.96554615704966,Tier 3 - Value-destructive growth
236,"Long-Sleeve Logo Jersey, XL",Clothing,Jerseys,CONTINUING,2964.465,18893.4595,15928.9945,537.3311710544735,-59.9278,-212.5604,-152.6326,-254.6941486255127,-0.020215384563487846,-0.011250475329835703,0.008964909233652143,166.02195192307695,0.0,1472.9172016565637,-1791.5717535796407,Other Special Case
219,"Mountain Bike Socks, L",Clothing,Socks,DISCONTINUED,381.9,0.0,-381.9,-100.0,154.3479,0.0,-154.3479,-100.0,0.4041578947368421,0.0,-0.4041578947368421,0.0,0.0,-178.4547061681551,24.106806168155106,Tier 4 - Contraction
241,"HL Road Frame - Red, 44",Components,Road Frames,DISCONTINUED,12129.2144,0.0,-12129.2144,-100.0,161.7232,0.0,-161.7232,-100.0,0.013333361474754704,0.0,-0.013333361474754704,0.0,0.0,-42.61604923418629,-119.1071507658137,Tier 4 - Contraction
243,"HL Road Frame - Red, 44",Components,Road Frames,NEW,0.0,15460.2,15460.2,,0.0,-175.2156,-175.2156,,0.0,-0.011333333333333334,-0.011333333333333334,0.0,0.0,47.943055388459584,-223.15865538845958,Tier 3 - Value-destructive growth
224,AWC Logo Cap,Clothing,Caps,CONTINUING,749.6862,7161.8434,6412.1572,855.3121559393784,-29.5391,-222.493,-192.9539,-653.2152299833102,-0.039401952443569054,-0.031066443033367638,0.008335509410201418,57.43457852348992,0.0,3364.0043864235804,-3614.3928649470704,Other Special Case
434,"ML Road Frame-W - Yellow, 44",Components,Road Frames,NEW,0.0,17131.104,17131.104,,0.0,-194.1504,-194.1504,,0.0,-0.011333210048809463,-0.011333210048809463,0.0,0.0,127.84814770255889,-321.9985477025589,Tier 3 - Value-destructive growth
238,"HL Road Frame - Red, 62",Components,Road Frames,DISCONTINUED,15919.5939,0.0,-15919.5939,-100.0,212.2617,0.0,-212.2617,-100.0,0.013333361474754704,0.0,-0.013333361474754704,0.0,0.0,-55.933564619869514,-156.32813538013048,Tier 4 - Contraction
604,"Road-750 Black, 44",Bikes,Road Bikes,NEW,0.0,3563.934,3563.934,,0.0,-216.2116,-216.2116,,0.0,-0.060666555553497904,-0.060666555553497904,0.0,0.0,29.298533848503077,-245.51013384850307,Tier 3 - Value-destructive growth
287,"LL Road Frame - Black, 52",Components,Road Frames,NEW,0.0,8785.3903,8785.3903,,0.0,-218.1141,-218.1141,,0.0,-0.024826910649604263,-0.024826910649604263,0.0,0.0,117.1941353940123,-335.3082353940123,Tier 3 - Value-destructive growth
230,"Long-Sleeve Logo Jersey, M",Clothing,Jerseys,CONTINUING,2442.2999,22378.5302,19936.2303,816.2891993730991,-58.6403,-333.4965,-274.8562,-468.7155420419063,-0.02401027818082456,-0.0149025202736505,0.009107757907174057,199.0392476744186,0.0,1851.1346386099672,-2325.0300862843856,Other Special Case
276,"ML Road Frame - Red, 52",Components,Road Frames,DISCONTINUED,21056.982,0.0,-21056.982,-100.0,280.7574,0.0,-280.7574,-100.0,0.013333221256493452,0.0,-0.013333221256493452,0.0,0.0,-157.14668155106196,-123.61071844893804,Tier 4 - Contraction
253,"LL Road Frame - Black, 58",Components,Road Frames,DISCONTINUED,22501.1808,0.0,-22501.1808,-100.0,300.0186,0.0,-300.0186,-100.0,0.013333460260005555,0.0,-0.013333460260005555,0.0,0.0,-335.6013877192171,35.582787719217066,Tier 4 - Contraction
225,AWC Logo Cap,Clothing,Caps,NEW,0.0,774.0031,774.0031,,0.0,-312.798,-312.798,,0.0,-0.40413016433655113,-0.40413016433655113,0.0,0.0,418.169983110453,-730.967983110453,Tier 3 - Value-destructive growth
272,"LL Road Frame - Red, 62",Components,Road Frames,DISCONTINUED,27590.73,0.0,-27590.73,-100.0,367.875,0.0,-367.875,-100.0,0.013333282591653067,0.0,-0.013333282591653067,0.0,0.0,-399.52546157049653,31.65046157049651,Tier 4 - Contraction
264,"LL Road Frame - Red, 48",Components,Road Frames,DISCONTINUED,28142.5446,0.0,-28142.5446,-100.0,375.2325,0.0,-375.2325,-100.0,0.013333282591653067,0.0,-0.013333282591653067,0.0,0.0,-407.51597080190646,32.28347080190644,Tier 4 - Contraction
388,"Road-550-W Yellow, 44",Bikes,Road Bikes,NEW,0.0,7395.234,7395.234,,0.0,-448.6438,-448.6438,,0.0,-0.06066661311866534,-0.06066661311866534,0.0,0.0,29.298533848503077,-477.9423338485031,Tier 3 - Value-destructive growth
493,"LL Touring Frame - Yellow, 62",Components,Touring Frames,NEW,0.0,6110.7551,6110.7551,,0.0,-484.3576,-484.3576,,0.0,-0.07926313394559045,-0.07926313394559045,0.0,0.0,87.89560154550924,-572.2532015455092,Tier 3 - Value-destructive growth
285,"LL Road Frame - Black, 52",Components,Road Frames,DISCONTINUED,39109.1952,0.0,-39109.1952,-100.0,521.4609,0.0,-521.4609,-100.0,0.013333460260005555,0.0,-0.013333460260005555,0.0,0.0,-583.3071738929249,61.846273892924906,Tier 4 - Contraction
270,"LL Road Frame - Red, 60",Components,Road Frames,DISCONTINUED,40466.404,0.0,-40466.404,-100.0,539.55,0.0,-539.55,-100.0,0.013333282591653067,0.0,-0.013333282591653067,0.0,0.0,-585.9706769700615,46.42067697006155,Tier 4 - Contraction
262,"LL Road Frame - Red, 44",Components,Road Frames,DISCONTINUED,40834.2804,0.0,-40834.2804,-100.0,544.455,0.0,-544.455,-100.0,0.013333282591653067,0.0,-0.013333282591653067,0.0,0.0,-591.2976831243349,46.84268312433483,Tier 4 - Contraction
577,"Touring-2000 Blue, 46",Bikes,Touring Bikes,NEW,0.0,15307.11,15307.11,,0.0,-551.0568,-551.0568,,0.0,-0.036000054876459374,-0.036000054876459374,0.0,0.0,55.933564619869514,-606.9903646198695,Tier 3 - Value-destructive growth
584,"Road-750 Black, 58",Bikes,Road Bikes,NEW,0.0,10043.814,10043.814,,0.0,-609.3236,-609.3236,,0.0,-0.060666555553497904,-0.060666555553497904,0.0,0.0,82.56859539123595,-691.892195391236,Tier 3 - Value-destructive growth
575,"Touring-1000 Blue, 54",Bikes,Touring Bikes,NEW,0.0,18595.746,18595.746,,0.0,-669.4467,-669.4467,,0.0,-0.03599999161098458,-0.03599999161098458,0.0,0.0,34.62554000277636,-704.0722400027763,Tier 3 - Value-destructive growth
237,"Long-Sleeve Logo Jersey, XL",Clothing,Jerseys,NEW,0.0,2532.1135,2532.1135,,0.0,-739.732,-739.732,,0.0,-0.2921401430070177,-0.2921401430070177,0.0,0.0,226.39776155661468,-966.1297615566147,Tier 3 - Value-destructive growth
275,"ML Road Frame - Red, 48",Components,Road Frames,DISCONTINUED,62814.048,0.0,-62814.048,-100.0,837.5136,0.0,-837.5136,-100.0,0.013333221256493452,0.0,-0.013333221256493452,0.0,0.0,-468.7765415760492,-368.73705842395077,Tier 4 - Contraction
320,"Road-650 Red, 58",Bikes,Road Bikes,DISCONTINUED,56207.4926,0.0,-56207.4926,-100.0,845.8884,0.0,-845.8884,-100.0,0.01504938862901705,0.0,-0.01504938862901705,0.0,0.0,-356.9094123363102,-488.9789876636898,Tier 4 - Contraction
336,"Road-650 Black, 62",Bikes,Road Bikes,DISCONTINUED,61240.9994,0.0,-61240.9994,-100.0,921.6396,0.0,-921.6396,-100.0,0.01504938862901705,0.0,-0.01504938862901705,0.0,0.0,-388.8714492619499,-532.76815073805,Tier 4 - Contraction
488,"Short-Sleeve Classic Jersey, S",Clothing,Jerseys,NEW,0.0,2985.3231,2985.3231,,0.0,-922.4731,-922.4731,,0.0,-0.3090027675731314,-0.3090027675731314,0.0,0.0,250.36928925084447,-1172.8423892508445,Tier 3 - Value-destructive growth
579,"Touring-2000 Blue, 54",Bikes,Touring Bikes,NEW,0.0,26240.76,26240.76,,0.0,-944.6688,-944.6688,,0.0,-0.036000054876459374,-0.036000054876459374,0.0,0.0,95.88611077691917,-1040.554910776919,Tier 3 - Value-destructive growth
340,"Road-650 Black, 48",Bikes,Road Bikes,DISCONTINUED,62918.835,0.0,-62918.835,-100.0,946.89,0.0,-946.89,-100.0,0.01504938862901705,0.0,-0.01504938862901705,0.0,0.0,-399.52546157049653,-547.3645384295035,Tier 4 - Contraction
380,"Road-250 Black, 58",Bikes,Road Bikes,NEW,0.0,16126.11,16126.11,,0.0,-978.3169,-978.3169,,0.0,-0.06066663938172318,-0.06066663938172318,0.0,0.0,29.298533848503077,-1007.6154338485031,Tier 3 - Value-destructive growth
574,"Touring-1000 Blue, 50",Bikes,Touring Bikes,NEW,0.0,28608.84,28608.84,,0.0,-1029.918,-1029.918,,0.0,-0.03599999161098458,-0.03599999161098458,0.0,0.0,53.27006154273287,-1083.1880615427328,Tier 3 - Value-destructive growth
582,"Road-350-W Yellow, 44",Bikes,Road Bikes,NEW,0.0,18370.692,18370.692,,0.0,-1114.488,-1114.488,,0.0,-0.06066663139309069,-0.06066663139309069,0.0,0.0,47.943055388459584,-1162.4310553884595,Tier 3 - Value-destructive growth
231,"Long-Sleeve Logo Jersey, M",Clothing,Jerseys,NEW,0.0,3340.6267,3340.6267,,0.0,-1124.4801,-1124.4801,,0.0,-0.3366075293596857,-0.3366075293596857,0.0,0.0,308.9663569478506,-1433.4464569478507,Tier 3 - Value-destructive growth
233,"Long-Sleeve Logo Jersey, L",Clothing,Jerseys,CONTINUING,4184.6159,41060.6481,36876.0322,881.228602128095,-119.3277,-1309.9318,-1190.6041,-997.7600339233891,-0.028515807149707577,-0.031902365418338345,-0.003386558268630768,-135.19896959459462,0.0,3486.5255279718663,-4541.930658377271,Tier 3 - Value-destructive growth
606,"Road-750 Black, 52",Bikes,Road Bikes,NEW,0.0,16318.9298,16318.9298,,0.0,-1207.1998,-1207.1998,,0.0,-0.07397542699154205,-0.07397542699154205,0.0,0.0,135.83865693396882,-1343.0384569339687,Tier 3 - Value-destructive growth
382,"Road-550-W Yellow, 38",Bikes,Road Bikes,NEW,0.0,20168.82,20168.82,,0.0,-1223.574,-1223.574,,0.0,-0.06066661311866534,-0.06066661311866534,0.0,0.0,79.9050923140993,-1303.4790923140993,Tier 3 - Value-destructive growth
567,"Touring-3000 Blue, 62",Bikes,Touring Bikes,NEW,0.0,1987.6422,1987.6422,,0.0,-1242.4714,-1242.4714,,0.0,-0.6250981187660435,-0.6250981187660435,0.0,0.0,18.644521539956504,-1261.1159215399566,Tier 3 - Value-destructive growth
372,"Road-250 Red, 58",Bikes,Road Bikes,NEW,0.0,20524.14,20524.14,,0.0,-1245.1306,-1245.1306,,0.0,-0.06066663938172318,-0.06066663938172318,0.0,0.0,37.28904307991301,-1282.419643079913,Tier 3 - Value-destructive growth
605,"Road-750 Black, 48",Bikes,Road Bikes,NEW,0.0,21383.604,21383.604,,0.0,-1297.2696,-1297.2696,,0.0,-0.060666555553497904,-0.060666555553497904,0.0,0.0,175.79120309101847,-1473.0608030910184,Tier 3 - Value-destructive growth
387,"Road-550-W Yellow, 44",Bikes,Road Bikes,CONTINUING,9003.9375,154267.4625,145263.525,1613.3333333333333,-80.8005,-1384.3819,-1303.5814,-1613.3333333333333,-0.008973907248911934,-0.008973907248911934,0.0,0.0,0.0,644.5677446670677,-1948.1491446670677,Other Special Case
386,"Road-550-W Yellow, 42",Bikes,Road Bikes,NEW,0.0,21513.408,21513.408,,0.0,-1305.1456,-1305.1456,,0.0,-0.06066661311866534,-0.06066661311866534,0.0,0.0,85.23209846837258,-1390.3776984683725,Tier 3 - Value-destructive growth
234,"Long-Sleeve Logo Jersey, L",Clothing,Jerseys,NEW,0.0,4281.1836,4281.1836,,0.0,-1338.6922,-1338.6922,,0.0,-0.31269207889145423,-0.31269207889145423,0.0,0.0,388.8714492619499,-1727.5636492619499,Tier 3 - Value-destructive growth
384,"Road-550-W Yellow, 40",Bikes,Road Bikes,NEW,0.0,22857.996,22857.996,,0.0,-1386.7172,-1386.7172,,0.0,-0.06066661311866534,-0.06066661311866534,0.0,0.0,90.55910462264588,-1477.276304622646,Tier 3 - Value-destructive growth
563,"Touring-1000 Yellow, 54",Bikes,Touring Bikes,NEW,0.0,1525.8048,1525.8048,,0.0,-1438.071,-1438.071,,0.0,-0.9424999842705961,-0.9424999842705961,0.0,0.0,5.3270061542732865,-1443.3980061542734,Tier 3 - Value-destructive growth
299,"HL Mountain Frame - Black, 44",Components,Mountain Frames,DISCONTINUED,10526.88,0.0,-10526.88,-100.0,1438.6736,0.0,-1438.6736,-100.0,0.13666666666666666,0.0,-0.13666666666666666,0.0,0.0,-34.62554000277636,-1404.0480599972236,Tier 4 - Contraction
338,"Road-650 Black, 44",Bikes,Road Bikes,DISCONTINUED,96056.0881,0.0,-96056.0881,-100.0,1445.5854,0.0,-1445.5854,-100.0,0.01504938862901705,0.0,-0.01504938862901705,0.0,0.0,-609.9422046642914,-835.6431953357087,Tier 4 - Contraction
560,"Touring-2000 Blue, 60",Bikes,Touring Bikes,NEW,0.0,27237.9089,27237.9089,,0.0,-1457.8215,-1457.8215,,0.0,-0.05352178485331523,-0.05352178485331523,0.0,0.0,101.21311693119245,-1559.0346169311924,Tier 3 - Value-destructive growth
330,"Road-650 Red, 52",Bikes,Road Bikes,DISCONTINUED,97314.4648,0.0,-97314.4648,-100.0,1464.5232,0.0,-1464.5232,-100.0,0.01504938862901705,0.0,-0.01504938862901705,0.0,0.0,-617.9327138957012,-846.5904861042987,Tier 4 - Contraction
334,"Road-650 Black, 60",Bikes,Road Bikes,DISCONTINUED,99411.7593,0.0,-99411.7593,-100.0,1496.0862,0.0,-1496.0862,-100.0,0.01504938862901705,0.0,-0.01504938862901705,0.0,0.0,-631.2502292813845,-864.8359707186155,Tier 4 - Contraction
490,"Short-Sleeve Classic Jersey, L",Clothing,Jerseys,NEW,0.0,4755.0775,4755.0775,,0.0,-1605.4844,-1605.4844,,0.0,-0.33763580088862905,-0.33763580088862905,0.0,0.0,407.51597080190646,-2013.0003708019065,Tier 3 - Value-destructive growth
385,"Road-550-W Yellow, 42",Bikes,Road Bikes,CONTINUING,17407.6125,210692.1375,193284.525,1110.344827586207,-156.2143,-1890.7317,-1734.5174,-1110.344827586207,-0.008973907248911934,-0.008973907248911934,0.0,0.0,0.0,857.6479908379991,-2592.165390837999,Other Special Case
499,"HL Touring Frame - Blue, 54",Components,Touring Frames,NEW,0.0,20497.3324,20497.3324,,0.0,-1767.1845,-1767.1845,,0.0,-0.08621534088016253,-0.08621534088016253,0.0,0.0,98.5496138540558,-1865.7341138540557,Tier 3 - Value-destructive growth
381,"Road-550-W Yellow, 38",Bikes,Road Bikes,CONTINUING,27485.2207,312136.5,284651.2793,1035.6521506847496,-980.2917,-2801.084,-1820.7923,-185.73984661912368,-0.03566613892971214,-0.008973907248911934,0.026692231680800208,8044.696510638298,0.0,1259.8369554856324,-11125.32576612393,Other Special Case
218,"Mountain Bike Socks, M",Clothing,Socks,DISCONTINUED,4969.9461,0.0,-4969.9461,-100.0,1872.5205,0.0,-1872.5205,-100.0,0.37676877421266197,0.0,-0.37676877421266197,0.0,0.0,-2429.114806348619,556.5943063486188,Tier 4 - Contraction
390,"Road-550-W Yellow, 48",Bikes,Road Bikes,NEW,0.0,30925.524,30925.524,,0.0,-1876.1468,-1876.1468,,0.0,-0.06066661311866534,-0.06066661311866534,0.0,0.0,122.5211415482856,-1998.6679415482856,Tier 3 - Value-destructive growth
378,"Road-250 Black, 52",Bikes,Road Bikes,NEW,0.0,32252.22,32252.22,,0.0,-1956.6338,-1956.6338,,0.0,-0.06066663938172318,-0.06066663938172318,0.0,0.0,58.59706769700615,-2015.2308676970063,Tier 3 - Value-destructive growth
288,"HL Mountain Frame - Silver, 42",Components,Mountain Frames,DISCONTINUED,14451.898,0.0,-14451.898,-100.0,1975.092,0.0,-1975.092,-100.0,0.1366666163849205,0.0,-0.1366666163849205,0.0,0.0,-53.27006154273287,-1921.8219384572672,Tier 4 - Contraction
571,"Touring-3000 Yellow, 58",Bikes,Touring Bikes,NEW,0.0,3407.3866,3407.3866,,0.0,-2129.951,-2129.951,,0.0,-0.6250981323927258,-0.6250981323927258,0.0,0.0,31.962036925639723,-2161.9130369256395,Tier 3 - Value-destructive growth
585,"Touring-3000 Blue, 44",Bikes,Touring Bikes,NEW,0.0,3691.3354,3691.3354,,0.0,-2307.447,-2307.447,,0.0,-0.6250981690799486,-0.6250981690799486,0.0,0.0,34.62554000277636,-2342.0725400027763,Tier 3 - Value-destructive growth
383,"Road-550-W Yellow, 40",Bikes,Road Bikes,CONTINUING,23410.2375,285124.6875,261714.45,1117.948717948718,-210.0813,-2558.6825,-2348.6012,-1117.948717948718,-0.008973907248911934,-0.008973907248911934,0.0,0.0,0.0,1161.2873416315765,-3509.8885416315766,Other Special Case
491,"Short-Sleeve Classic Jersey, XL",Clothing,Jerseys,NEW,0.0,5567.7134,5567.7134,,0.0,-2372.5959,-2372.5959,,0.0,-0.4261347037008047,-0.4261347037008047,0.0,0.0,508.7290877330989,-2881.324987733099,Tier 3 - Value-destructive growth
332,"Road-650 Black, 58",Bikes,Road Bikes,DISCONTINUED,164008.4299,0.0,-164008.4299,-100.0,2468.2266,0.0,-2468.2266,-100.0,0.01504938862901705,0.0,-0.01504938862901705,0.0,0.0,-1041.4297031604276,-1426.7968968395724,Tier 4 - Contraction
324,"Road-650 Red, 62",Bikes,Road Bikes,DISCONTINUED,171558.6901,0.0,-171558.6901,-100.0,2581.8534,0.0,-2581.8534,-100.0,0.01504938862901705,0.0,-0.01504938862901705,0.0,0.0,-1089.372758548887,-1492.480641451113,Tier 4 - Contraction
371,"Road-250 Red, 58",Bikes,Road Bikes,CONTINUING,24869.8125,314145.0,289275.1875,1163.157894736842,-223.1797,-2819.112,-2595.9323,-1163.157894736842,-0.008973919686768849,-0.008973919686768849,0.0,0.0,0.0,588.6341800471982,-3184.566480047198,Other Special Case
328,"Road-650 Red, 48",Bikes,Road Bikes,DISCONTINUED,175753.2791,0.0,-175753.2791,-100.0,2644.9794,0.0,-2644.9794,-100.0,0.01504938862901705,0.0,-0.01504938862901705,0.0,0.0,-1116.0077893202536,-1528.9716106797464,Tier 4 - Contraction
379,"Road-250 Black, 58",Bikes,Road Bikes,CONTINUING,24869.8125,324616.5,299746.6875,1205.2631578947369,-223.1797,-2913.0824,-2689.9027,-1205.2631578947369,-0.008973919686768849,-0.008973919686768849,0.0,0.0,0.0,609.9422046642914,-3299.8449046642913,Other Special Case
581,"Road-350-W Yellow, 42",Bikes,Road Bikes,NEW,0.0,44906.136,44906.136,,0.0,-2724.304,-2724.304,,0.0,-0.06066663139309069,-0.06066663139309069,0.0,0.0,117.1941353940123,-2841.4981353940125,Tier 3 - Value-destructive growth
342,"Road-650 Black, 52",Bikes,Road Bikes,DISCONTINUED,201869.9096,0.0,-201869.9096,-100.0,2733.393,0.0,-2733.393,-100.0,0.013540368673152663,0.0,-0.013540368673152663,0.0,0.0,-1283.8084831798622,-1449.5845168201379,Tier 4 - Contraction
322,"Road-650 Red, 60",Bikes,Road Bikes,DISCONTINUED,201936.184,0.0,-201936.184,-100.0,2799.6674,0.0,-2799.6674,-100.0,0.013864119567595671,0.0,-0.013864119567595671,0.0,0.0,-1283.8084831798622,-1515.858916820138,Tier 4 - Contraction
326,"Road-650 Red, 44",Bikes,Road Bikes,DISCONTINUED,206373.7788,0.0,-206373.7788,-100.0,3105.7992,0.0,-3105.7992,-100.0,0.01504938862901705,0.0,-0.01504938862901705,0.0,0.0,-1310.4435139512286,-1795.3556860487715,Tier 4 - Contraction
212,"Sport-100 Helmet, Red",Accessories,Helmets,DISCONTINUED,8175.5325,0.0,-8175.5325,-100.0,3304.2735,0.0,-3304.2735,-100.0,0.4041661506452332,0.0,-0.4041661506452332,0.0,0.0,-1078.7187462403406,-2225.5547537596594,Tier 4 - Contraction
570,"Touring-3000 Yellow, 54",Bikes,Touring Bikes,NEW,0.0,5395.0288,5395.0288,,0.0,-3372.4224,-3372.4224,,0.0,-0.6250981273723691,-0.6250981273723691,0.0,0.0,50.60655846559622,-3423.028958465596,Tier 3 - Value-destructive growth
374,"Road-250 Black, 44",Bikes,Road Bikes,NEW,0.0,55708.38,55708.38,,0.0,-3379.6402,-3379.6402,,0.0,-0.06066663938172318,-0.06066663938172318,0.0,0.0,101.21311693119245,-3480.8533169311922,Tier 3 - Value-destructive growth
215,"Sport-100 Helmet, Black",Accessories,Helmets,DISCONTINUED,8559.076,0.0,-8559.076,-100.0,3459.2888,0.0,-3459.2888,-100.0,0.4041661506452332,0.0,-0.4041661506452332,0.0,0.0,-1129.3253047059368,-2329.9634952940633,Tier 4 - Contraction
565,"Touring-3000 Blue, 54",Bikes,Touring Bikes,NEW,0.0,5678.9776,5678.9776,,0.0,-3549.9184,-3549.9184,,0.0,-0.6250981514700815,-0.6250981514700815,0.0,0.0,53.27006154273287,-3603.188461542733,Tier 3 - Value-destructive growth
377,"Road-250 Black, 52",Bikes,Road Bikes,CONTINUING,34032.375,452892.375,418860.0,1230.7692307692307,-305.4038,-4064.2198,-3758.816,-1230.7692307692307,-0.008973919686768849,-0.008973919686768849,0.0,0.0,0.0,852.3209846837259,-4611.136984683726,Other Special Case
566,"Touring-3000 Blue, 58",Bikes,Touring Bikes,NEW,0.0,6246.8753,6246.8753,,0.0,-3904.9103,-3904.9103,,0.0,-0.6250981670788274,-0.6250981670788274,0.0,0.0,58.59706769700615,-3963.507367697006,Tier 3 - Value-destructive growth
220,"Sport-100 Helmet, Blue",Accessories,Helmets,DISCONTINUED,9798.9441,0.0,-9798.9441,-100.0,3953.4333,0.0,-3953.4333,-100.0,0.403455031445684,0.0,-0.403455031445684,0.0,0.0,-1294.4624954884086,-2658.9708045115913,Tier 4 - Contraction
341,"Road-650 Black, 48",Bikes,Road Bikes,CONTINUING,12684.438,125904.792,113220.354,892.5925925925926,-456.6402,-4532.5768,-4075.9366,-892.5925925925926,-0.036000034057480514,-0.036000034057480514,0.0,0.0,0.0,641.9042415899311,-4717.840841589931,Other Special Case
389,"Road-550-W Yellow, 48",Bikes,Road Bikes,CONTINUING,27011.8125,327323.9418,300312.1293,1111.7807414811575,-242.4015,-4571.8198,-4329.4183,-1786.052602809801,-0.008973907248911934,-0.01396726366809261,-0.004993356419180675,-1619.9082,0.0,1339.7420477997316,-4049.2521477997316,Tier 3 - Value-destructive growth
321,"Road-650 Red, 58",Bikes,Road Bikes,CONTINUING,11744.85,132012.114,120267.264,1024.0,-422.815,-4752.4406,-4329.6256,-1024.0,-0.036000034057480514,-0.036000034057480514,0.0,0.0,0.0,681.8567877469807,-5011.482387746981,Other Special Case
376,"Road-250 Black, 48",Bikes,Road Bikes,NEW,0.0,60723.1115,60723.1115,,0.0,-4584.7003,-4584.7003,,0.0,-0.07550173544713697,-0.07550173544713697,0.0,0.0,111.86712923973903,-4696.567429239739,Tier 3 - Value-destructive growth
337,"Road-650 Black, 62",Bikes,Road Bikes,CONTINUING,10335.468,141877.788,131542.32,1272.7272727272727,-372.0772,-5107.6052,-4735.528,-1272.7272727272727,-0.036000034057480514,-0.036000034057480514,0.0,0.0,0.0,745.7808615982601,-5481.308861598261,Other Special Case
569,"Touring-3000 Yellow, 50",Bikes,Touring Bikes,NEW,0.0,7950.5685,7950.5685,,0.0,-4969.8859,-4969.8859,,0.0,-0.6250981800861158,-0.6250981800861158,0.0,0.0,74.57808615982601,-5044.463986159826,Tier 3 - Value-destructive growth
568,"Touring-3000 Yellow, 44",Bikes,Touring Bikes,NEW,0.0,8234.5175,8234.5175,,0.0,-5147.3817,-5147.3817,,0.0,-0.6250981554171207,-0.6250981554171207,0.0,0.0,77.24158923696265,-5224.623289236963,Tier 3 - Value-destructive growth
580,"Road-350-W Yellow, 40",Bikes,Road Bikes,NEW,0.0,72730.25,72730.25,,0.0,-5210.47,-5210.47,,0.0,-0.07164102969534684,-0.07164102969534684,0.0,0.0,191.77222155383834,-5402.242221553838,Tier 3 - Value-destructive growth
572,"Touring-3000 Yellow, 62",Bikes,Touring Bikes,NEW,0.0,8518.4664,8518.4664,,0.0,-5324.8776,-5324.8776,,0.0,-0.6250981514700815,-0.6250981514700815,0.0,0.0,79.9050923140993,-5404.782692314099,Tier 3 - Value-destructive growth
573,"Touring-1000 Blue, 46",Bikes,Touring Bikes,NEW,0.0,50421.1732,50421.1732,,0.0,-5892.467,-5892.467,,0.0,-0.11686493244865631,-0.11686493244865631,0.0,0.0,101.21311693119245,-5993.680116931192,Tier 3 - Value-destructive growth
375,"Road-250 Black, 48",Bikes,Road Bikes,CONTINUING,39268.125,611824.4394,572556.3144,1458.0688902258512,-352.389,-6255.579,-5903.19,-1675.1913368464964,-0.008973919686768849,-0.010224467342518518,-0.001250547655749669,-758.3106,0.0,1166.6143477858498,-6311.49374778585,Tier 3 - Value-destructive growth
576,"Touring-1000 Blue, 60",Bikes,Touring Bikes,NEW,0.0,61920.2581,61920.2581,,0.0,-6248.8853,-6248.8853,,0.0,-0.10091826958970637,-0.10091826958970637,0.0,0.0,122.5211415482856,-6371.406441548285,Tier 3 - Value-destructive growth
583,"Road-350-W Yellow, 48",Bikes,Road Bikes,NEW,0.0,76596.9405,76596.9405,,0.0,-6756.3295,-6756.3295,,0.0,-0.08820625805543761,-0.08820625805543761,0.0,0.0,205.08973693952154,-6961.419236939521,Tier 3 - Value-destructive growth
347,"Mountain-100 Silver, 48",Bikes,Mountain Bikes,DISCONTINUED,775452.7195,0.0,-775452.7195,-100.0,6766.6507,0.0,-6766.6507,-100.0,0.008726064826186994,0.0,-0.008726064826186994,0.0,0.0,-1070.7282370089306,-5695.92246299107,Tier 4 - Contraction
339,"Road-650 Black, 44",Bikes,Road Bikes,CONTINUING,23489.7,226143.7982,202654.0982,862.7360000340575,-845.63,-8448.783,-7603.153,-899.1110769485473,-0.036000034057480514,-0.037360224190309016,-0.001360190132828501,-296.9098,0.0,1150.63332932303,-8456.87652932303,Tier 3 - Value-destructive growth
331,"Road-650 Red, 52",Bikes,Road Bikes,CONTINUING,16912.584,235836.588,218924.004,1294.4444444444443,-608.8536,-8490.1252,-7881.2716,-1294.4444444444443,-0.036000034057480514,-0.036000034057480514,0.0,0.0,0.0,1241.192433945676,-9122.464033945676,Other Special Case
335,"Road-650 Black, 60",Bikes,Road Bikes,CONTINUING,21140.73,237443.5967,216302.8667,1023.157037150562,-761.067,-8829.9429,-8068.8759,-1060.2057243317606,-0.036000034057480514,-0.03718753852585994,-0.0011875044683794269,-272.1673,0.0,1227.8749185599927,-9024.583518559992,Tier 3 - Value-destructive growth
586,"Touring-3000 Blue, 50",Bikes,Touring Bikes,NEW,0.0,13061.6484,13061.6484,,0.0,-8164.8124,-8164.8124,,0.0,-0.6250981614234846,-0.6250981614234846,0.0,0.0,122.5211415482856,-8287.333541548285,Tier 3 - Value-destructive growth
373,"Road-250 Black, 44",Bikes,Road Bikes,CONTINUING,43194.9375,676236.3828,633041.4453,1465.5454595807669,-387.6279,-9198.5094,-8810.8815,-2273.025625864392,-0.008973919686768849,-0.013602505919472986,-0.004628586232704137,-3102.1797,0.0,1294.4624954884086,-7003.164295488408,Tier 3 - Value-destructive growth
304,"HL Mountain Frame - Black, 38",Components,Mountain Frames,DISCONTINUED,72899.8386,0.0,-72899.8386,-100.0,9962.9724,0.0,-9962.9724,-100.0,0.13666659064455047,0.0,-0.13666659064455047,0.0,0.0,-271.67731386793764,-9691.295086132062,Tier 4 - Contraction
293,"HL Mountain Frame - Silver, 46",Components,Mountain Frames,DISCONTINUED,73704.6798,0.0,-73704.6798,-100.0,10072.9692,0.0,-10072.9692,-100.0,0.1366666163849205,0.0,-0.1366666163849205,0.0,0.0,-271.67731386793764,-9801.291886132063,Tier 4 - Contraction
300,"HL Mountain Frame - Black, 48",Components,Mountain Frames,DISCONTINUED,84215.04,0.0,-84215.04,-100.0,11509.3888,0.0,-11509.3888,-100.0,0.13666666666666666,0.0,-0.13666666666666666,0.0,0.0,-277.0043200222109,-11232.384479977789,Tier 4 - Contraction
329,"Road-650 Red, 48",Bikes,Road Bikes,CONTINUING,42211.539,395028.8688,352817.3298,835.8314767912158,-3052.1748,-16238.2082,-13186.0334,-432.02091177739885,-0.07230664582023413,-0.04110638356464342,0.031200262255590715,11493.917670967741,0.0,2002.9543140067558,-26682.905384974496,Other Special Case
333,"Road-650 Black, 58",Bikes,Road Bikes,CONTINUING,33490.4398,411439.6345,377949.1947,1128.5286098273334,-2525.8486,-16375.4669,-13849.6183,-548.3154572289092,-0.07541998896055106,-0.03980041183903006,0.03561957712152101,13627.518497297297,0.0,2144.119977094998,-29621.256774392295,Other Special Case
296,"HL Mountain Frame - Black, 42",Components,Mountain Frames,DISCONTINUED,104346.8278,0.0,-104346.8278,-100.0,14260.7252,0.0,-14260.7252,-100.0,0.13666659064455047,0.0,-0.13666659064455047,0.0,0.0,-388.8714492619499,-13871.85375073805,Tier 4 - Contraction
307,"HL Mountain Frame - Silver, 38",Components,Mountain Frames,DISCONTINUED,108389.235,0.0,-108389.235,-100.0,14813.19,0.0,-14813.19,-100.0,0.1366666163849205,0.0,-0.1366666163849205,0.0,0.0,-399.52546157049653,-14413.664538429504,Tier 4 - Contraction
292,"HL Mountain Frame - Silver, 48",Components,Mountain Frames,DISCONTINUED,119530.2,0.0,-119530.2,-100.0,16335.794,0.0,-16335.794,-100.0,0.13666666666666666,0.0,-0.13666666666666666,0.0,0.0,-388.8714492619499,-15946.92255073805,Tier 4 - Contraction
370,"Road-250 Red, 52",Bikes,Road Bikes,CONTINUING,36650.25,491113.35,454463.1,1240.0,-1319.41,-17680.094,-16360.684,-1240.0,-0.03600002728494349,-0.03600002728494349,0.0,0.0,0.0,825.6859539123594,-17186.36995391236,Other Special Case
343,"Road-650 Black, 52",Bikes,Road Bikes,CONTINUING,45785.9667,446182.7801,400396.8134,874.4967994745866,-4344.8131,-21542.2625,-17197.4494,-395.8156312868786,-0.09489399073886978,-0.04828125033236799,0.04661274040650178,18995.265549514563,0.0,2285.28564018324,-38478.000589697804,Other Special Case
325,"Road-650 Red, 62",Bikes,Road Bikes,CONTINUING,28830.3182,425310.8505,396480.5323,1375.220798985146,-1345.491,-19538.9819,-18193.4909,-1352.1822814125103,-0.046669308006458285,-0.04594047360190732,0.0007288344045509662,296.15961612903226,0.0,2269.30462172042,-20758.95513784945,Other Special Case
562,"Touring-1000 Yellow, 50",Bikes,Touring Bikes,NEW,0.0,19835.4624,19835.4624,,0.0,-18694.923,-18694.923,,0.0,-0.9424999842705961,-0.9424999842705961,0.0,0.0,69.25108000555272,-18764.174080005552,Tier 3 - Value-destructive growth
564,"Touring-1000 Yellow, 60",Bikes,Touring Bikes,NEW,0.0,20598.3648,20598.3648,,0.0,-19413.9585,-19413.9585,,0.0,-0.9424999842705961,-0.9424999842705961,0.0,0.0,71.91458308268938,-19485.87308308269,Tier 3 - Value-destructive growth
369,"Road-250 Red, 48",Bikes,Road Bikes,CONTINUING,57174.39,650059.1315,592884.7415,1036.976068306107,-2058.2796,-24282.0301,-22223.7505,-1079.7245670607629,-0.03600002728494349,-0.03735357127276967,-0.001353543987826182,-849.3085,0.0,1078.7187462403406,-22453.16074624034,Tier 3 - Value-destructive growth
323,"Road-650 Red, 60",Bikes,Road Bikes,CONTINUING,36603.4514,462610.3801,426006.9287,1163.8436060157978,-2819.7832,-25556.3397,-22736.5565,-806.3228584381948,-0.07703599229443156,-0.05524376624336796,0.0217922260510636,9360.234986419753,0.0,2455.7498371199854,-34552.541323539735,Other Special Case
368,"Road-250 Red, 44",Bikes,Road Bikes,CONTINUING,69441.9617,787878.4873,718436.5256,1034.5855848712292,-3459.7855,-32266.1687,-28806.3832,-832.6060445076726,-0.049822692436985117,-0.04095322974304543,0.008869462693939687,6656.418175,0.0,1310.4435139512286,-36773.24488895123,Other Special Case
327,"Road-650 Red, 44",Bikes,Road Bikes,CONTINUING,14469.6552,430168.2855,415698.6303,2872.899350773749,-28360.5256,-62378.7937,-34018.2681,-119.94935700345412,-1.9600000973070872,-0.14501021066091588,1.8149898866461713,263767.2507,0.0,2461.0768432742584,-300246.59564327425,Other Special Case
561,"Touring-1000 Yellow, 46",Bikes,Touring Bikes,NEW,0.0,41959.632,41959.632,,0.0,-39546.9525,-39546.9525,,0.0,-0.9424999842705961,-0.9424999842705961,0.0,0.0,146.49266924251538,-39693.445169242514,Tier 3 - Value-destructive growth
