Category,Subcategory,cy2011_net_revenue,cy2012_net_revenue,revenue_change,revenue_growth_pct,cy2011_gross_profit,cy2012_gross_profit,gross_profit_change,gross_profit_growth_pct,cy2011_gross_margin_pct,cy2012_gross_margin_pct,gross_margin_change_ppt,price_effect,unit_cost_effect,volume_effect,mix_effect,growth_quality_tier
Bikes,Mountain Bikes,7603911.6557,6636404.7948,-967506.8609,-12.723804598318067,-17174.6331,622610.1822,639784.8153,3725.173117672016,-0.0022586576327626915,0.09381739080892872,0.09607604844169142,17550.08855998452,0.0,5995.545426634584,616239.181313381,Tier 5 - Profitable Contraction / Portfolio Improvement
Components,Wheels,46047.636,459499.5369,413451.9009,897.8786682990632,11972.384,119037.4334,107065.0494,894.266750882698,0.25999997046536766,0.2590588756695654,-0.0009410947958022004,-584.3421,0.0,8576.479908379992,99072.91159162001,Tier 2 - Margin-dilutive growth
Components,Road Frames,497481.1893,1413670.5343,916189.345,184.16562569715637,17741.1967,95014.1897,77272.993,435.5568246419364,0.035662045282482804,0.06721098544156025,0.03154894015907744,507.2695017241379,0.0,6634.786165147379,70130.93733312849,Tier 1 - High-quality growth
Components,Mountain Frames,687570.0837,1293070.288,605500.2043,88.06377977378541,91376.4149,142109.7446,50733.3297,55.52125212564014,0.1328976013736358,0.10990102078658233,-0.022996580587053467,1476.4500123076923,0.0,5289.717111193374,43967.16257649894,Tier 2 - Margin-dilutive growth
Clothing,Tights,12828.8394,128200.3098,115371.4704,899.3133891753295,3703.4864,38524.3832,34820.8968,940.2193781513549,0.28868444638881363,0.30050148287551176,0.011817036486698112,1988.985025716929,0.0,6935.762012863819,25896.149761419252,Tier 1 - High-quality growth
Clothing,Bib-Shorts,12006.5378,102301.4151,90294.8773,752.0475827761105,3728.5771,31474.7379,27746.1608,744.1487746089521,0.3105455679321644,0.30766669130855456,-0.0028788766236098862,-398.04442761904755,0.0,4488.002684975244,23656.202542643805,Tier 2 - Margin-dilutive growth
Clothing,Gloves,11130.3186,103024.4009,91894.0823,825.6195137127521,2423.4913,28349.9023,25926.411,1069.795917979982,0.21773781929297154,0.2751765800367785,0.05743876074380691,5635.362152951787,0.0,12555.753505622137,7735.295341426076,Tier 1 - High-quality growth
Clothing,Shorts,4853.479,63397.3178,58543.8388,1206.2242115398049,1488.0366,19289.6817,17801.6451,1196.3176913793652,0.30659174583839754,0.30426652687189865,-0.002325218966498898,91.64287708333335,0.0,4333.519506501319,13376.482716415348,Tier 2 - Margin-dilutive growth
Components,Forks,1262.232,54655.3796,53393.1476,4230.058150957985,328.18,14135.254,13807.074,4207.164970443049,0.2599997464808371,0.25862511802955257,-0.0013746284512845455,-101.52639999999998,0.0,1147.9698262458933,12760.630573754106,Tier 2 - Margin-dilutive growth
Components,Handlebars,6408.7805,58063.4705,51654.69,805.99873876161,1666.2789,15096.4539,13430.175,805.9980235001475,0.2599993711752181,0.2599991659127575,-2.0526246063619e-07,0.0,0.0,3265.4547725695247,10164.720227430475,Tier 2 - Margin-dilutive growth
Components,Headsets,606.594,42431.7111,41825.1171,6895.075965143077,157.7144,10897.9334,10740.219,6809.916532669179,0.2599999340580355,0.2568346436540477,-0.0031652904039878313,-181.4829,0.0,1827.1631109157374,9094.538789084263,Tier 2 - Margin-dilutive growth
Accessories,Helmets,31620.557,65425.8213,33805.2643,106.90913604083572,11140.9248,18392.1626,7251.2378,65.08649802572943,0.3523317062378123,0.28111473779848445,-0.07121696843932786,14459.786125559085,0.0,4687.765415760492,-11896.313741319578,Tier 2 - Margin-dilutive growth
Clothing,Vests,0.0,11820.4299,11820.4299,,0.0,3864.5149,3864.5149,,,0.32693522424256327,,0.0,0.0,892.2735308407755,2972.2413691592246,Tier 1 - High-quality growth (New Segment Entry)
Accessories,Bike Racks,0.0,9941.808,9941.808,,0.0,3299.568,3299.568,,,0.3318881233675002,,0.0,0.0,394.1984554162232,2905.3695445837766,Tier 1 - High-quality growth (New Segment Entry)
Accessories,Locks,1005.0,10019.98,9014.98,897.0129353233831,314.0625,3110.605,2796.5425,890.4413930348259,0.3125,0.31044024039968143,-0.0020597596003185635,-30.01999999999998,0.0,1606.092355513396,1220.470144486604,Tier 2 - Margin-dilutive growth
Accessories,Pumps,868.6135,8439.3462,7570.7327,871.5881919864244,266.6628,2625.9867,2359.3239,884.7592915097268,0.3069982218788909,0.31115996876630087,0.004161746887409979,50.68157671232873,0.0,1683.3339447503586,625.3083785373126,Tier 1 - High-quality growth
Components,Pedals,0.0,8615.358,8615.358,,0.0,2239.9836,2239.9836,,,0.2599988996394578,,0.0,0.0,631.2502292813845,1608.7333707186156,Tier 1 - High-quality growth (New Segment Entry)
Components,Cranksets,0.0,5912.79,5912.79,,0.0,1537.324,1537.324,,,0.2599997632251441,,0.0,0.0,93.22260769978251,1444.1013923002174,Tier 1 - High-quality growth (New Segment Entry)
Accessories,Hydration Packs,0.0,3304.4371,3304.4371,,0.0,1165.5419,1165.5419,,,0.35272025604602975,,0.0,0.0,277.0043200222109,888.537579977789,Tier 1 - High-quality growth (New Segment Entry)
Components,Saddles,0.0,2625.012,2625.012,,0.0,682.4995,682.4995,,,0.25999862095868514,,0.0,0.0,290.3218354078941,392.1776645921059,Tier 1 - High-quality growth (New Segment Entry)
Components,Brakes,0.0,2172.6,2172.6,,0.0,564.876,564.876,,,0.26,,0.0,0.0,90.55910462264588,474.3168953773541,Tier 1 - High-quality growth (New Segment Entry)
Components,Derailleurs,0.0,1826.64,1826.64,,0.0,474.926,474.926,,,0.259999781018701,,0.0,0.0,79.9050923140993,395.0209076859007,Tier 1 - High-quality growth (New Segment Entry)
Components,Bottom Brackets,0.0,1125.774,1125.774,,0.0,292.7004,292.7004,,,0.2599992538466868,,0.0,0.0,55.933564619869514,236.7668353801305,Tier 1 - High-quality growth (New Segment Entry)
Accessories,Cleaners,0.0,715.9778,715.9778,,0.0,243.2231,243.2231,,,0.33970759987251004,,0.0,0.0,423.4969892647263,-180.2738892647263,Tier 1 - High-quality growth (New Segment Entry)
Accessories,Bottles and Cages,0.0,368.2246,368.2246,,0.0,120.0067,120.0067,,,0.3259062539547874,,0.0,0.0,354.2459092591736,-234.23920925917358,Tier 1 - High-quality growth (New Segment Entry)
Components,Chains,0.0,230.736,230.736,,0.0,59.9906,59.9906,,,0.2599967061923584,,0.0,0.0,50.60655846559622,9.384041534403776,Tier 1 - High-quality growth (New Segment Entry)
Accessories,Tires and Tubes,0.0,82.44,82.44,,0.0,31.05,31.05,,,0.37663755458515286,,0.0,0.0,159.8101846281986,-128.7601846281986,Tier 1 - High-quality growth (New Segment Entry)
Clothing,Caps,4368.4935,7935.8465,3567.353,81.66094329772953,-398.6666,-535.291,-136.6244,-34.27034017898665,-0.0912595154370723,-0.06745228754109596,0.02380722789597634,57.43457852348992,0.0,1920.3857186155199,-2114.44469713901,Other Special Case
Clothing,Socks,5351.8461,1077.0631,-4274.783,-79.87492390709815,2026.8684,387.7916,-1639.0768,-80.86745049653939,0.37872322225409283,0.3600453863845117,-0.018677835869581112,0.0,0.0,-2061.551381703762,422.47458170376206,Tier 4 - Contraction
Components,Touring Frames,0.0,106469.6835,106469.6835,,0.0,-2171.6823,-2171.6823,,,-0.020397189402746745,,0.0,0.0,660.5487631298876,-2832.2310631298874,Tier 3 - Value-destructive growth (New Segment Entry)
Clothing,Jerseys,49478.8929,105794.6756,56315.7827,113.81779057550418,-4320.4021,-9959.4464,-5639.0443,-130.52128411843887,-0.08731808346504051,-0.09413939164250341,-0.0068213081774629114,229.86223000290096,0.0,5209.812018879275,-11078.718548882176,Tier 3 - Value-destructive growth
Bikes,Touring Bikes,0.0,379339.1469,379339.1469,,0.0,-136107.2104,-136107.2104,,,-0.3588008554146933,,0.0,0.0,1470.2536985794272,-137577.46409857942,Tier 3 - Value-destructive growth (New Segment Entry)
Bikes,Road Bikes,5490315.6881,9820379.1155,4330063.4274,78.8672942210811,-68879.612,-351997.2672,-283117.6552,-411.03259292459427,-0.012545656008322673,-0.03584355176720468,-0.023297895758882012,325342.6776059667,0.0,17637.717376798853,-626098.0501827656,Tier 3 - Value-destructive growth
